author_handle,content,published_at,like_count,reply_count,parent_id,is_reply
@나루-h4d,만화보는줄...ㅋㅋㅋ,2025-05-31T03:08:18Z,1,0.0,,False
@100PA55,짜친다 쩌쳐,2025-06-06T06:06:03Z,1,0.0,,False
@Sumo만다린,재밌을거같은데요!!😊,2025-05-30T11:41:55Z,0,0.0,,False
@naoxj,마지막에 2초나온 병상에서 깬 소방관 누구에요..,2025-06-09T07:45:50Z,0,0.0,,False
@그냥아저씨-h9d,재밋게봤음 ㅋ,2025-06-11T04:14:17Z,1,0.0,,False
@DinoraUmaña,They look very good movie,2025-06-18T20:51:51Z,0,0.0,,False
@JamesS-fu6vh,쿵푸허슬 : ...하..,2025-05-31T10:38:44Z,0,0.0,,False
@PlayShorts3,😂😂😂😂 they had me at the bag... where can i watch this?,2025-06-27T16:44:35Z,0,1.0,,False
@TaekiKang,Never. All reply is fake. This is destroyer of korean movie.,2025-09-09T17:08:16Z,0,,UgyEhawm8sBjk8RmE7B4AaABAg,True
@하민백-m8g,유아인은 안나와요?,2025-06-05T07:22:48Z,1,0.0,,False
@이찬-p2k,유아인님 왜 안나오나요…,2025-06-06T11:57:07Z,1,0.0,,False
@jennyqueen-i4i,이런 드라마 좋앙,2025-06-20T02:20:44Z,0,0.0,,False
@일상-c4q,어~~이 태권!!,2026-03-07T01:26:37Z,0,0.0,,False
@noeyeehmik0613,ㅋㅋㅋ신선했다,2025-09-27T02:00:46Z,0,0.0,,False
@하하호-t6e,영화관에서 봄. 재밌음~~~~.,2025-07-02T15:18:56Z,0,0.0,,False
@미몽-t7i,생각보다 재밌더라,2026-04-18T09:11:13Z,0,0.0,,False
@Kaoqpqpldu,감독이 경이로운 소문이에요?,2025-06-08T00:50:43Z,0,0.0,,False
@cdaccdac,걍 갓핑크 아님??,2025-06-04T16:41:57Z,0,0.0,,False
@태영-s5l,각막은 도박때문에 나오지 못한 상태일까요?,2025-06-02T15:51:05Z,0,0.0,,False
@jangseop01,요거 만화 같은걸~~~~재밌겠네 ㅋㅋㅋㅋ,2025-05-31T07:54:32Z,0,0.0,,False
@조성현-d6s,보고왔다 돈 아깝지않다,2025-06-04T15:38:31Z,0,0.0,,False
@pupster4058,ㅋㅋㅋㅋ ㅈㄴ 재밌어보임,2025-05-30T19:31:39Z,0,0.0,,False
@ankitkundaliya1729,Name of the  movie/series please,2025-06-08T15:35:05Z,0,0.0,,False
@Kisha-03,하이파이브  왜  넷플릭스 없어,2025-06-06T03:24:52Z,0,0.0,,False
@bonjourmacaron,유아인 연기 &amp; 간지 지리네요,2025-08-02T14:54:32Z,0,0.0,,False
@panorama1029.,신구 건강하네 ㅠㅠ,2025-06-01T08:03:21Z,0,0.0,,False
@cityrose4692,유아인? 유아인이 나온다고요? 진짜? 영화표 100개 사서 뿌려야겠네요!! ❤❤❤,2025-05-31T04:32:49Z,0,1.0,,False
@전순연-w1q,유아인  연기  너무  잘해요   코미디도  너무 소화잘함,2025-06-05T08:34:38Z,0,,UgwiL00_h2ziOGL1tJF4AaABAg,True
@김민정1-y8c,왜 와이파이맨은 안나와요ㅠㅠ,2025-06-01T12:23:41Z,0,0.0,,False
@이게맞아-p5x,뭔가 전우치 생각난다,2025-05-31T17:09:42Z,0,0.0,,False
@AlD-h3s,와 진짜 보고싶음ㅠㅜ,2025-05-30T10:23:26Z,0,0.0,,False
@홍쓰-b7t,능력이 다 다르다면서....,2025-05-31T14:07:32Z,0,0.0,,False
@hinav26,not everything has to have a meaning all the time. sometimes meaningless seems fun.,2025-06-22T13:02:17Z,0,0.0,,False
@ittembox,대박,2025-06-05T05:26:07Z,0,0.0,,False
@cyum31,ㅋㅋㅋㅋ 넘 재밌겠다,2025-06-03T01:17:28Z,0,0.0,,False
@Cina-t6k,What’s the movie title ?,2025-06-04T14:22:24Z,0,0.0,,False
@삐삐욤,나루토에서 봤듯이 눈이 최고다,2025-05-31T16:25:02Z,0,0.0,,False
@dear2707,보로 가고 싶다 오마이갓,2025-06-03T11:55:08Z,0,0.0,,False
@밤고래님,유아인 부분궁금하네  안구이식이라는데,2025-06-01T12:46:54Z,0,1.0,,False
@lime2839-x3c,유아인 부분이 제일 재밌어요.. 그 부분만 모두 홍보영상에 다 뺐음... 유아인 안나왔음 보다가 갈뻔..ㅋ,2025-06-02T23:46:14Z,0,,UgxmsvaSjFmaYGJOJZF4AaABAg,True
@설빙-s5o,품행제로에 연장선?,2025-06-12T10:12:19Z,0,0.0,,False
@류설-0924,개 반전 이야기 이 영화 개재미슴 ㄷㄷ,2025-06-16T12:45:53Z,0,0.0,,False
@730kim,보통은 이렇게 보는게...영화의 전부라던데??,2025-06-01T13:47:24Z,0,0.0,,False
@normafloresvaldez7292,Pero me deberían pasar completa la serie me deja a medias 😢,2025-06-03T03:40:02Z,0,0.0,,False
@오작교-s9f,하이파이브 !,2025-07-12T04:46:07Z,0,0.0,,False
@GlitchMan2030,아~ 잘봣다~,2025-05-31T04:19:44Z,0,0.0,,False
@빌세따-m2x,아~ 미지의 서울 아역이구나,2025-05-30T10:48:41Z,0,0.0,,False
@7개의별,좋다 ㅋ😊😊😊,2025-05-31T13:31:23Z,0,0.0,,False
@승훈이-g6t,"왜,안나와!!!뿡뽑니내!!,!",2025-07-09T05:16:42Z,0,0.0,,False
@joygutierrez2410,What is the title pls.,2025-07-25T12:57:41Z,0,0.0,,False
@nicehan777,리코더 씬 무슨곡임?,2025-05-30T12:43:36Z,0,0.0,,False
@진성김-s6u,재밌겠다 😂,2025-05-30T13:30:26Z,0,0.0,,False
@맛있는_사과,블루투스 맨은 왜 안나오죠,2025-06-06T10:42:57Z,0,0.0,,False
@Ahran-a1k,와파 맨 어디갔쥐,2025-06-23T05:37:38Z,0,0.0,,False
@또뇽시리,아라한 장풍대작전보는느낌,2025-06-01T07:32:47Z,0,0.0,,False
@궁금한거있으면찾아옴,아니 왜 우리 각막이 분량은 안넣어줘요,2025-06-22T06:48:06Z,0,1.0,,False
@오홍홍-g7x,유아인이여서 자른듯,2025-06-28T17:24:27Z,0,,UgwUJ2BnSkmspX5ZA8F4AaABAg,True
@fitcut_gzo79,한국판 쿵푸허슬인가?? ㅋㅋ,2025-06-02T07:20:14Z,0,0.0,,False
@임홍홍,이거 B급 느낌나는데 ㅈㄴ 재밌음 ㅋㅋ,2025-05-31T13:31:54Z,1,0.0,,False
@0616._yuso,그래서 넷플릭스에 올라오나요? 올라오면 언제 올라오나요,2025-06-18T11:31:40Z,0,0.0,,False
@23501i,이식 후에 젊음능력생기고 회복능력흡수했는데 엄청 강하고 초능력자랑 싸워도 싸움을 잘하게된 이유는 뭔가요?,2025-08-18T01:11:40Z,0,0.0,,False
@coolguy0326,그럼 저 장기를 다 가지고 있던 사람은 얼마나 강한거야?,2025-06-03T06:43:20Z,0,0.0,,False
@bagtaebag_1112,각막 이식자 왜 안나옴,2025-06-25T22:59:02Z,0,0.0,,False
@이웅주-e4h,주성치가 봅니다😅😅😅,2025-05-31T16:44:14Z,0,0.0,,False
@happysajang,또 안재홍이야 ㅋㅋㅋㅋ,2025-06-04T12:57:36Z,0,0.0,,False
@girl3024,빌런이 간이식해서 젊어진거 까진 이해하는데 왜 힘까지 쎄진거야?,2025-06-11T15:49:08Z,0,0.0,,False
@junybono,더문도 재미있다고 했잖아요 ㅋㅋㅋㅋㅋ,2025-05-30T11:18:29Z,0,0.0,,False
@fkaus4456,아니 유아인은 왜 빼고 소개함? 유아인 개웃기게 나오는데ㅠㅠㅠㅠ,2025-06-15T17:27:53Z,0,0.0,,False
@동부삼촌동,식스맨은 누구지?,2025-05-31T05:18:04Z,0,0.0,,False
@carlosalbertoarevalosolis1332,PUEDE HACER EN ESPAÑOL PORFAVOR PARA LATINO AMERICA SE LO AGRADECERIA MUCHO GRACIAS,2025-06-21T01:04:25Z,0,0.0,,False
@햄스-l1r,이것만 보고 가서 유아인 나오는줄 몰랐음,2025-06-10T00:56:13Z,0,0.0,,False
@Hazel2e91,"아니 근데 빌런이 힘이 세지고 쌈짱 된게 이해 안되는데, 나인걸 초능력은 안 가져갔는데 어케 저렇게 쎄진거지",2025-06-24T21:35:52Z,0,0.0,,False
@sunnypark7901,영화제목을 숩게 알수있게 <br>해주세요~,2025-06-05T00:14:57Z,0,0.0,,False
@벵벵벵리,주아인은 왜 안나옴??,2025-06-04T05:21:22Z,1,0.0,,False
@AILIEN-wz3co,지무비님 덕분에 제 인생영화를 찾았어요❤,2025-06-01T14:37:58Z,2,0.0,,False
@보라구미호,근데 간 이식자는 물만 있으면 데드풀 순준급되지 안을까?,2025-06-07T10:28:55Z,0,0.0,,False
@sjak1598,성장판이 홧끈하게 열렸대 ㅋ ㅋ ㅋ ㅋㅇㄱㅋ ㅋ ㅋㅋ ㅋ,2025-11-10T03:14:45Z,0,0.0,,False
@bluelemon5056,"그래서, 라미란씨 초능력은 뭔데요?",2025-06-26T07:39:01Z,0,0.0,,False
@jhyunk3454,재밌게 봤어요.유아인이 확실히 연기는 잘해,2025-07-22T09:52:39Z,0,0.0,,False
@user-qsfgrfbhyedcgt,기봉이는 왜 안나오지?,2025-06-02T16:05:02Z,0,0.0,,False
@lake_summer,저 모든 능력을 가지고 있는 사람이 죽어서 장기기증을 했다?<br>왜 죽었을까? 😂,2025-06-04T23:23:48Z,0,0.0,,False
@버섯순이-o3q,재밌더라,2025-05-30T14:32:38Z,0,0.0,,False
@user-yw8rz2el8i,마녀인가요,2025-06-02T06:57:02Z,0,0.0,,False
@Le-qx7kt,설마 블리치 월아천충 쓴거냐곸ㅋㅋㅋㅋㅋ,2025-06-10T13:10:54Z,0,0.0,,False
@레이노블루이드-세상,아니 딸깍맨은 왜 없어?,2025-08-29T08:33:43Z,0,0.0,,False
@eriwwn2,님들아 영화관 말고 하이파이브 돈내고 집에서 보는 법 없어요?,2025-07-06T08:46:55Z,1,2.0,,False
@user-us5es4sy9w,돈 안내고도 볼수있음,2025-07-11T16:47:55Z,0,,UgzS30qoXBbDD_c7oz94AaABAg,True
@eriwwn2,​@user-us5es4sy9w어떻게 봐요?,2025-07-13T07:47:00Z,0,,UgzS30qoXBbDD_c7oz94AaABAg,True
@강봉희-n2s,근데 이식자 그냥 병원 가서 목록 보면 되는 거 아니예요?,2025-07-28T08:38:08Z,0,0.0,,False
@eliascoria7231,La quiero ver!!!,2025-06-12T20:49:20Z,1,0.0,,False
@박재훈-n5q,갓핑크랑 너무유사한데,2025-06-07T02:15:03Z,1,0.0,,False
@게르베르,아니 흡수랑 회복만 있는데 왜 힘까지 쌔진거징,2025-06-03T08:21:57Z,0,0.0,,False
@TopSevenMovie,title movie please,2025-06-10T01:03:34Z,0,0.0,,False
@seongwooksoh5609,신기하네. 정봉씨가 미남으로 보여요. ^^,2025-06-01T18:41:48Z,0,0.0,,False
@곽밀,리코더 ㄱ웃기네ㅋㅋㅋ,2025-07-24T06:57:46Z,0,0.0,,False
@정정-k2m,재밌겠다,2025-06-01T01:44:22Z,0,0.0,,False
@QWERQWER-rr8gl,근데 궁금한게 췌장을 받은 신구는 왜 힘이 심장받은사람처럼 쎄진거에요??,2025-06-09T06:09:26Z,0,0.0,,False
@황민석-j8u,바르셀로나 태권도?,2025-05-30T11:24:32Z,0,0.0,,False
@매니악-p9b,월하천추~~~~~~~~~~ㅋㅋㅋㅋ,2025-06-02T09:56:00Z,0,0.0,,False
@은효정은효정,Forever young,2025-07-29T19:18:46Z,1,0.0,,False
@빈센조까사노-y9v,재밌겠네 ㅋㅋㅋ,2025-05-30T22:33:35Z,0,0.0,,False
@코인못함,라미란 능력 졸라 궁금하다. ㅋㅋ,2025-06-20T22:57:14Z,0,0.0,,False
@TG-bv9dy,예전에 웹툰 갓핑크 비슷,2025-05-30T12:52:49Z,0,0.0,,False
@롤로토마시-n7e,재밌겠다 ㅋㅋ,2026-01-10T09:52:07Z,0,0.0,,False
@davidbilsen4071,aluien que habla español que me diga como se llama esa pelicula,2025-06-07T23:41:45Z,0,0.0,,False
@Ililillliiili-j3o,아니에요 이거 이거 안웃겨요 그냥 잘만들었어요 진짜 쫀득쫀득 잘만들었어요 하,2025-05-30T15:51:39Z,0,0.0,,False
@나락-p,유아인 다 빼셨네 ㅋㅋ,2025-06-01T13:09:29Z,1,0.0,,False
@msent52,오늘 영화 보고 왔는데 이게 다입니다ㅋㅋㅋ,2025-06-01T13:07:28Z,2,0.0,,False
@AngelRoy-ve1rr,Eng sub plz 😊,2025-05-30T21:09:24Z,0,0.0,,False
@lilililili-0,쿵푸허슬급이네,2025-06-02T04:49:11Z,1,0.0,,False
@접은쌈뽕한베컨,걍 무빙이잖어,2025-06-24T07:58:43Z,0,0.0,,False
@manggo1socks2,방금 보고왓다<br>이 영상에 엑기스 다 나와서 보고가면 노잼 <br>암것도 모르는상태에서 보면 꿀잼,2025-06-17T09:19:15Z,0,0.0,,False
@허니앙꼬,탱크걸 ㅋㅋ,2025-05-31T11:37:55Z,0,0.0,,False
@samayulhyultv,흡성대법!!,2025-05-31T13:02:45Z,0,0.0,,False
@yrj8324,미남자가 연기도 잘함^^ 박미남자❤,2025-07-01T12:14:27Z,1,0.0,,False
@IXN-게임TV,블루투스 맨 어딨어요,2025-06-03T06:30:16Z,0,0.0,,False
@ch-qz5qh,흡성대법이군,2025-06-02T05:37:58Z,0,0.0,,False
@suninreds,근데 악당이 &#39;힘&#39;은 왜 쎄진거에요? 영화보면 나오나요?,2025-06-06T06:34:14Z,0,0.0,,False
@reemmt9411,Jinyoung 💚💚💚💚,2025-06-03T18:16:25Z,1,0.0,,False
@깨-k9c,라미란 능력이 뭙까??,2025-06-03T08:12:13Z,0,0.0,,False
@anjiwoo2002,결말 빼고 잘 봤어요<br>안본 눈 삽니다😢,2025-06-28T13:10:54Z,0,0.0,,False
@nagaha-z4w,日本公開が楽しみです。,2025-07-11T22:35:25Z,0,0.0,,False
@정윤하-t2x,유아인이 한번도 안나오네,2025-06-10T04:20:39Z,1,0.0,,False
@giiwoii,jin youngg ♡,2025-06-01T18:20:27Z,0,0.0,,False
@LeeCH2021,혹시 감독이 주성치?,2025-05-30T19:02:48Z,0,0.0,,False
@jangbbijjoo,주성치가 만들었나요?,2025-06-03T10:16:46Z,0,0.0,,False
@여기서지금,이거 만화야...<br>여기 보이는게.다야...<br>돈 많으면...그냥 보시게,2025-05-30T22:57:07Z,0,0.0,,False
@석석현07,근데 왜 태권도 할 때 양말 안 벗지?,2025-05-30T23:13:27Z,0,0.0,,False
@이소올-k1z,처음엔 나도 잘 모르고 욕했지만 유아인이 억울한 부분이 있다면 밝혀야 한다고 생각합니다,2025-06-01T09:06:11Z,0,0.0,,False
@GoodGGoooddGood,너무 대놓고 주성치감성 ㅋㅋ,2025-06-02T17:16:41Z,0,0.0,,False
@개돼지-s8z,오개쩐다 ㅋㅋ,2025-06-01T05:54:46Z,0,0.0,,False
@Kisha-03,참고로 이재인 내친구야 10년 친구,2025-06-01T04:22:51Z,0,0.0,,False
@juya901,ㅋㅋㅋㅋ아 개웃기넹,2025-06-06T20:03:55Z,0,0.0,,False
@조지나-k4t,왜 이제 봤을까 진짜 개웃김..,2025-09-28T01:06:54Z,1,0.0,,False
@Ryan-h7n,아니 근디 540 아니고 900이고 심지어 뭔 회전발 자세가 뛰어옆차기야.....아니 뭔 말되안돼는 ㅠㅠㅠㅠ,2025-06-05T07:29:18Z,0,0.0,,False
@용팔이-r3d,흡수면 흡수지 왜 힘도쎄짐?,2025-06-05T00:39:43Z,0,0.0,,False
@구너오휘,나 이런 영화 좋아 보고싶어😊,2025-05-31T07:00:05Z,0,0.0,,False
@방구석게이머-00,ㅈㄴ 재밌을것 같은데?,2025-05-31T00:03:14Z,0,0.0,,False
@my-coolcool,유튜브에서 본 내용이 영화의 90프로 본거임.... 에휴우,2025-06-13T12:28:23Z,2,0.0,,False
@개포반포마포-e2c,드길보세요~,2025-06-16T02:44:51Z,0,0.0,,False
@bbulikim7460,개웃곀ㅋㅋㅋㅋ,2026-01-18T04:47:39Z,0,0.0,,False
@thekings6707,내가 이걸..영화관에서 보다니 ㅠ,2025-06-04T10:22:35Z,1,0.0,,False
@김이안-y9e,왜 유아인은 안나와요?,2025-06-07T13:12:04Z,0,0.0,,False
@호돌이1234,영화 다 봤다,2025-06-02T07:07:54Z,0,0.0,,False
@kimjeong-hoon9771,푸.. 스로...다?,2025-06-02T04:55:43Z,0,0.0,,False
@뵤-n6n,…? 유아인이 나온다고요? 티비에..?,2025-06-06T17:01:50Z,0,0.0,,False
@LMAozen-w3d,유아인씨는 왜 안나오지? 능력 지렸던데.,2025-06-15T15:25:42Z,0,0.0,,False
@tv-uv2dw,어제보고왔음,2025-05-31T10:41:24Z,0,0.0,,False
@아-r5w-k4k,흡수하는 사람은 죽은 거에요?,2025-06-04T18:46:56Z,0,0.0,,False
@안녕-z7l7v,뭔데 재밌어보이냐 ㅋㅋ,2025-06-08T12:54:22Z,0,0.0,,False
@엔터-q8f,재밌응,2025-06-06T13:21:26Z,0,0.0,,False
@각성-x7n,그런데 ...장기 기증자는 저런 여러 초능력이 있는데   왜??? 죽었지~??<br>다 모이면 정상으로 돌아가는 건가~?!,2025-07-16T09:41:16Z,0,0.0,,False
@릴-g3d,뭐냐 소림태권이냐?,2025-06-13T00:04:41Z,1,0.0,,False
@jeno3445,미지랑 수호나오네,2025-06-06T04:08:17Z,2,1.0,,False
@syahn_88,호수...🥹,2025-06-06T06:50:42Z,1,,UgyOHYv6LlfgjOM_Hyh4AaABAg,True
@zzake,핑크맨?,2025-06-03T05:34:38Z,0,0.0,,False
@syk5472,태평동?,2025-06-12T04:06:57Z,0,0.0,,False
@챰차-s6s,"<a href=""https://www.youtube.com/watch?v=oYCMSk3U6C4&amp;t=803"">13:23</a>",2025-07-05T08:45:12Z,0,0.0,,False
@최기훈-e6i,"저기 안 나온 각막 받은 사람은 유아인 입니다, 그리고 초능력은 전자 조종합니다  발동 조건은 핑거 스냅 하거나 발로 소리내면 됩니다",2025-06-18T23:54:54Z,0,0.0,,False
@올인두환-ALLin2R,다 필요없다 약선,2025-07-04T01:16:12Z,0,0.0,,False
@중국이만든우한폐렴,언제쯤 그래픽 티좀안날까  미국따라갈려면멀었다.,2025-06-04T15:26:23Z,0,0.0,,False
@hobbysakuga,믿거 라미란,2025-12-30T12:58:37Z,0,0.0,,False
@Zam_bo,아인짱은 다 편집됐네;;; 그래도 비중 나름 있는 캐인데;;;<br>이병헌도 연기로 보답하니까 유아인도 연기로 보답하면 되지 않나???,2025-10-22T13:37:38Z,1,0.0,,False
@꼬냑이체질,개꿀잼 ㅋㅋㅋㅋㅋㅋㅋㅋㅋㅋㅋㅋㅋ,2025-07-13T16:23:41Z,0,0.0,,False
@hankyounghwa5451,영화잼났었는데ㅎ,2025-12-10T13:18:25Z,0,0.0,,False
@minermusic3377,기증자는 왜 죽은거지? 저런 능력이 있는데?,2025-05-31T05:51:07Z,0,0.0,,False
@TV-un9qq,올해 최고의 영화였다. 마블보다 미션임파스블보다. 유아인 영화에서 3할은 함.,2025-06-05T09:56:16Z,0,0.0,,False
@그려려니-n8m,보고싶다,2025-05-30T10:50:49Z,0,0.0,,False
@우덜은모른당께,이치고가 있었네,2025-05-31T08:17:47Z,0,0.0,,False
@jjanggh,오 잼있겠네,2025-05-30T10:13:11Z,0,0.0,,False
@Jerhemice,핑크맨인줄,2025-12-23T08:13:10Z,0,0.0,,False
@user-qk9cn2ln7w,도봉순 을 보는거 같은 데,2025-06-01T10:44:48Z,0,0.0,,False
@이영곤-h6l,이 영화 재미있는데 재미없음. 재미없는데 재미있음.,2025-06-07T23:05:07Z,1,0.0,,False
@DinoraUmaña,English or Spanish thank you,2025-06-18T20:50:41Z,0,0.0,,False
@coclel76,하..보지마샘 어제보고옴,2025-06-02T05:40:36Z,1,0.0,,False
@권도희-l3j,블루투스맨 어디감?,2025-08-01T13:19:23Z,0,0.0,,False
@간지중년,진영제대했네,2025-06-01T12:25:48Z,1,0.0,,False
@lalapo-x9,Nonton di mana ini,2025-07-17T09:44:23Z,0,0.0,,False
@로즈마리-j9o,마약 처벌이 가볍다는 느낌이네.<br>공중파에 너무 쉽게 복귀하네.<br>저래 처벌 해가 무슨 마약 단속하겠다는 거야.,2025-09-27T10:13:41Z,1,1.0,,False
@jaybin7,"마약 전에 찍은 영화인데, 너무 주연급이라 홍보에서만 빠지고 영화에는 나옴",2025-10-05T13:32:51Z,0,,UgznMYI1FF5PD_rQAMR4AaABAg,True
@pirate_king-p2c,"<a href=""https://www.youtube.com/watch?v=oYCMSk3U6C4&amp;t=312"">5:12</a>",2025-05-31T11:25:59Z,0,0.0,,False
@skdnnxsq,리코더 훈련 존나 어이없네 ㅋㅋㅋ,2025-06-03T15:18:48Z,0,0.0,,False
@bina-dh7vl,대놓고 B급좋아요 ㅋㅋㅋ,2025-06-27T16:32:44Z,0,0.0,,False
@skdiend-z2z,이거 진짜재밌음,2025-06-09T08:52:35Z,2,0.0,,False
@aruku4918,まじで日本でも上映してほしい,2025-06-04T03:21:19Z,0,0.0,,False
@파파스머프-s2n,유아인 나오나요? 아님 통편집 되서  4명이서만 나오나요??,2025-05-31T12:51:04Z,1,3.0,,False
@임홍홍,영화에서 비중 ㅈㄴ 높아요<br>잼슴 보셈 ㅋㅋ,2025-05-31T13:32:38Z,1,,Ugx0OqLGT7xHPYYFVRF4AaABAg,True
@파파스머프-s2n,"@임홍홍 넵 ,,  내일 보려구요 ㅋㅋㅋ ^^",2025-05-31T16:03:33Z,1,,Ugx0OqLGT7xHPYYFVRF4AaABAg,True
@임홍홍,​@파파스머프-s2n 뇌 비우고 보기에 딱 좋은 영화 <br>신파 같은거 없어서 전 좋았어요,2025-05-31T16:28:41Z,0,,Ugx0OqLGT7xHPYYFVRF4AaABAg,True
@26시즌우승한화,나 이거 봤는데 쿵프 허슬 한국액션으로 보는거 같았음<br>이게 b급 영화 치고 퀄리티도 괜찬고<br>영화개봉 타이밍도 괜찬앗음,2025-06-15T01:10:06Z,0,0.0,,False
@TaekiKang,"이 영상과 댓글에 속은 것이 원망스러워 지금도 이곳을 찾아옵니다. 당신이 누구든, 언제 이곳을 오든 절대로 이 영화를 보지 마십쇼.<br>이것은 피같은 제 시간과 돈으로 쓰여진 안전수칙입니다.",2025-09-09T17:11:54Z,1,0.0,,False
@음치둠칫,유아인????,2025-06-05T16:59:38Z,0,0.0,,False
@s.u777,초식 밝히는건 매너긴하지 ㅅㅂ,2025-05-31T02:27:42Z,0,0.0,,False
@samuelahnn,딱 오티티용,2026-01-19T22:20:38Z,0,0.0,,False
@luiz5782,Kungfu hustle 2?,2025-07-04T09:54:31Z,0,0.0,,False
@spaghett9330,UFC 58000ㅋㅋㅋㅋㅋㅋㅋㅋㅋㅋㅋㅋ,2025-05-31T05:48:21Z,0,0.0,,False
@strawberrynet3000,B급 감성일때 젤 재밌음 ㅋㅋㅋ,2025-07-14T09:36:48Z,0,0.0,,False
@햄노,영화관ㆍ에서 보다가 잤음.. 극장분위기도 안좋았응.. 투자마니한것같던데 아쉽 노잼,2025-10-17T13:51:40Z,2,0.0,,False
@cerrar122,ㅋㅋㅋㅋㅋ😂😂😂😂😂,2025-06-02T01:05:26Z,0,0.0,,False
@jsejun,본인은 못 벌고 유튜버들 재벌 만들어준 영화 4위쯤 되겠다ㅋ,2026-01-19T23:58:02Z,0,0.0,,False
@아님-p1u,오아아아아ㅏ아아아아아아,2025-06-19T06:28:24Z,0,0.0,,False
@핑크뚱,쌍문동<br>엄마 아들 나왔다 ㅎ,2025-06-02T09:21:22Z,0,0.0,,False
@vivianchen8456,劉亞仁到底在哪??  沒有他不想看,2025-06-14T17:56:24Z,0,0.0,,False
@rikim2367,❤,2025-06-02T22:45:28Z,0,0.0,,False
@로또1등당첨되고싶은,"ㅋㅋㅋ 잼있겠다 ㅋㅋㅋ 내용이 애들 만화 같긴한데 그냥볼만 할듯, 액션씬 좋아보이긴 한데 아직은 영화로 애니전투씬같은 연출은 아직은 무리인건가 하는생각",2025-05-30T11:43:16Z,0,0.0,,False
@후후주환,안재홍❤❤,2025-06-09T17:22:43Z,0,0.0,,False
@깡-r9t,영화가좋타 이런곳에서는 유아인 한번더 안나왔네.. 나오는줄도 몰라는데 영화보고 알았어요 ㅋㅋ,2025-07-12T15:51:10Z,0,0.0,,False
@yasickii,유아인...?,2025-06-02T06:21:38Z,0,0.0,,False
@vhxpch,이재인❤,2025-08-07T05:37:28Z,0,0.0,,False
@CarolLam-j5n,I sawthis movie last month in Hong Kong cinema ( Hi Five)...a sense of humour I get there...all the actor or actresses role I like...to me...I feel this movie  like Hong Kong ( Walled In )... May be if u have a chance... compare this two film...Korea &amp; Hong Kong team also have similar humour point..QQ*o*,2025-08-04T09:28:27Z,0,0.0,,False
@나답게real,처음부터 끝까지 쉴틈없이 웃김ㅋㅋㅋㅋㅋㅋㅋㅋㅋㅋㅋㅋ😂😂,2025-06-07T10:11:31Z,1,0.0,,False
@동동동-h9h,유아인은????,2025-05-30T12:39:55Z,0,0.0,,False
@이상혁-u4m,유아인만 아니었으면 좋앗는데. 마약 범죄자를 언제까지 봐야하나,2026-02-04T10:41:53Z,0,0.0,,False
@이선규-d3x,후기보고나서 일 마치고 바로 야무지게 보고와야지 하고갔는데 가서졸았다 영화보면서 조는거 첨임 너무유치함 확실히B급,2025-06-17T10:36:59Z,0,0.0,,False
@반포자이벨튀남엄준식,핑크맨 ㅋㅋ,2025-06-01T16:55:13Z,0,0.0,,False
@vivacevogue,아 겁나 웃기네 ㅋㅋㅋ,2025-06-01T15:55:14Z,0,0.0,,False
@user-e2u5r,와이파이맨 어디감?,2025-12-13T08:32:23Z,0,0.0,,False
@임현경-e1t,응   중반부  부터 죽는줄,2025-06-05T14:33:29Z,0,0.0,,False
@지마-c2k,이 조회수가 영화 관객수보다 높게 나올거같냐 왜,2025-06-02T04:10:06Z,1,0.0,,False
@vanitaskim1,기가막히네 유아인이 어떻게 나오냐?,2026-01-02T04:52:32Z,0,0.0,,False
@박-w9m,내만 이상한사람이가?? 뭔 재미고 도대체,2025-07-16T12:51:45Z,3,0.0,,False
@괜찮트라-k8o,"보고 왔는데 제작비 좀 더 썼으면, 아까웠다. 하고 싶은 얘기 막 쏟아내고 확 끝내버린 느낌.",2025-06-13T08:39:31Z,0,0.0,,False
@111gunner,정봉이 엄마 한테 그러는거 아니야~,2025-05-31T08:03:41Z,0,0.0,,False
@schereal,NETFLIX TAKE THIS😢😢❤,2025-06-02T02:53:52Z,0,0.0,,False
@AJ01541,K - 욘두 안재홍,2025-08-04T22:39:43Z,0,0.0,,False
@i기다림,귀여운 ㅋ,2026-04-09T10:20:24Z,0,0.0,,False
@핑순007,&quot;태권도 초능력자의 재난&quot;,2025-05-31T12:40:59Z,0,0.0,,False
@빡지와꼬부기,속았다...,2025-06-01T05:34:00Z,2,0.0,,False
@muchhow-i2l,58000퍼센트  할인중입니다,2025-06-14T13:40:40Z,0,0.0,,False
@Donald_nail,방금 15000원 다 주고 보고나옴 . 영화보는 내내 지무비 말빨에 속았네 했음 ㅋㅋㅋㅋㅋㅋ 진짜 여기 영상만 보고 나중에 오티티나오면 보세요. 쿠폰 없음 참우세요,2025-05-31T14:23:58Z,0,0.0,,False
@라라_vv,유아인 히어로명이 뭐엿드랑....<br>보고왓는디 기억이 안나네ㅜㅜ,2025-06-09T13:52:10Z,0,1.0,,False
@누구일까-e8u,블루투스였나,2025-06-10T03:50:57Z,0,,UgyuuSoGaiy4n9TP24x4AaABAg,True
@minjeoi,유아인;;??,2025-05-30T10:07:32Z,0,0.0,,False
@CcaC-u6p,스트레스 없이 보고왔네요,2025-06-05T16:26:08Z,0,0.0,,False
@dasisijaghaja,꼭 봐라. 쫄잼,2025-05-31T02:48:18Z,1,0.0,,False
@wesohw,삐뚤어진게 아니라...진짜 웃겼나요 아... ㅠㅠ 거룩한밤 PTSD 오게... 아니야 거룩한밤보다... 좀 심한거 같은데,2025-06-04T16:15:05Z,0,0.0,,False
@user-qk9cn2ln7w,도봉순 을모는거 같은 데,2025-06-01T10:44:19Z,0,0.0,,False
@유늬유늬-n2m,알바 졸라 풀었네.. 이걸 재밌겠다고 빤다고??,2025-05-31T09:27:07Z,2,1.0,,False
@제이미0903,약간 댓글알바 필이 났음. 죄다 재밌다고 . . 극장가서 보라고 ㅋㅋㅋㅋㅋ,2025-06-02T17:31:17Z,0,,UgxoUCseuE6-SSn9Nc94AaABAg,True
@도담제곱,신기하게 갓핑크관련댓글 다 사라졌네요? 웹툰 갓핑크 보신 분들은 이 영화 너무너무 의심스러울 정도인데?<br>개인적으로 갓핑크영화화 바랬던 팬으로서 너무 씁쓸합니다...,2025-06-02T06:40:11Z,0,0.0,,False
@ikloriginallyfrommanchuria6509,통일교랑 분위기 비슷한 곳에서 펼쳐지는 액션극.,2026-02-23T10:57:11Z,0,0.0,,False
@영화를보자,안재홍 비염이면 다 죽는다 진짜,2025-06-01T00:56:39Z,0,0.0,,False
@상유심생,아무렇지않게 유아인..,2025-10-08T09:53:11Z,0,0.0,,False
@Black-k9y8v,울나라에서 나온 드문 영화임 시즌2가 더 기대되는 영화이고 보통 시즌제로 나오면 폭방인데 이거 아닌거같음 글구 요즘 너무 볼것없자나 무조건 봐라 후회 안한다,2025-07-24T19:14:15Z,0,0.0,,False
@doggy4640,58000이 뭘 의미하는건가요?<br>밈인가,2025-06-04T22:22:32Z,0,0.0,,False
@bbang-v5f,아씨... 개재밌어보여서 예매할랬더니 유아인 나오네............................ㅋ,2025-06-11T20:22:39Z,0,0.0,,False
@yjok4103,"재밌음ᆢ근데 신구 딸로 나오시는 분 원래 발음 안저랬는데 보톡스, 필러 그런 시술때문인지 발음이 제대로 안될정도임.",2025-10-11T18:34:58Z,0,0.0,,False
@비뮨-q2x,이거 유아인도 나옴?,2025-06-01T03:18:35Z,0,0.0,,False
@유튭꿈나무,제목이??,2025-06-03T10:04:06Z,0,0.0,,False
@짱구입니다-h3u,오늘 보고왔는데 재밌음!!!ㅋㅋㅋㅋㅋ시간가는줄모르고 봤음ㅋㅋㅋㅋ웃긴부분 많고 연기 다들 잘함ㅋㅋㅋ<br>유아인 많이 아쉬웠다  하....차라리 바람을폈다던가 하지 뭔 약을해 이샛기야!!! 햐,2025-05-31T14:24:18Z,0,0.0,,False
@SinthiaPOPI,근데 영춘은 왜 완서랑 맞다이가 가능한거지??,2025-06-08T21:57:33Z,0,1.0,,False
@누구일까-e8u,세트효과라도 있나봄,2025-06-09T03:42:12Z,0,,UgyCctP3aZXma3iT-ZZ4AaABAg,True
@하오하오취,유아인분량 안뺏다던대왜 한번도 안보임?,2025-06-29T19:33:07Z,0,0.0,,False
@17oksun,월화천수,2025-06-02T14:02:29Z,0,0.0,,False
@박지단-b4c1x,밧데리맨은 죽은건가?,2025-11-13T12:13:22Z,0,0.0,,False
@J.H.C.,교주역을 유아인이 했어야함,2025-07-13T05:50:44Z,1,0.0,,False
@나는야잘생긴문승찬,월ㅎ하 츠언추ㅎ!!!!!,2025-05-31T01:15:46Z,0,0.0,,False
@낭만_romanceman,그럼 김희원 배우님은 능력도 빼기고? 희생당한건가요?,2025-05-30T21:04:29Z,0,0.0,,False
@user-wj4eq1xw8h,유아인 연기 과잉,2025-07-12T17:21:50Z,0,0.0,,False
@하로산,간만에 극장 가려다 유아인 이름 석자에 포기한다ㅋ,2025-05-31T03:02:14Z,1,0.0,,False
@형형-n4t,어제 영화보고 왔는데 진짜진짜 재밌어요!!!! 영화관에서 꼭 보세요!!!,2025-06-27T22:48:54Z,0,0.0,,False
@그루-한그루jw,아이고 구형 ㅋㅋ,2025-06-11T16:44:45Z,0,0.0,,False
@울산아재-j7m,말도안돼 그럼 애초에 그초능력자는 왜죽냐!!천하무적인데,2025-05-31T05:10:58Z,0,1.0,,False
@호시노에밀리아,자살했다잖아요,2025-05-31T09:30:49Z,0,,UgzZB-1wXe61k63GiE14AaABAg,True
@Nordlys-l4p,Modifier<br>The Uncanny Counter,2025-06-08T23:48:42Z,0,0.0,,False
@humblecamper,젠장 이런영화에 유아인이 뭍었다니 ㅡㅡ,2025-06-02T07:43:29Z,1,0.0,,False
@명환전-t4f,유아인도 나오는데..,2025-06-14T22:22:27Z,0,0.0,,False
@vantoree,스포주의 <br><br><br><br><br><br><br><br><br><br>질문이 있는데 라미란은 버프능력임?버프랑 힐이 합쳐진거임?,2025-06-05T01:25:17Z,0,0.0,,False
@Law0314,신천+통일 나와서 집중해서 봄,2025-11-30T02:26:44Z,0,0.0,,False
@circleno.1,소림축구보다 그래픽 구린듯,2025-06-04T20:22:18Z,1,0.0,,False
@최기훈-e6i,봤는데......,2025-06-18T23:32:32Z,0,0.0,,False
@호잇-o8p,찐 잼,2025-06-10T12:24:56Z,0,0.0,,False
@idpwok,유아인이 나오는데 비중있는 캐릭터임,2025-06-15T10:13:36Z,0,0.0,,False
@알라후아크바르12,스포주의!!<br><br><br><br><br><br>예고편에선 안나왔지만 영화본편에선 기계를 조종하는 각막이식을 받은 사람도 있음 그리고 네버 고나 깁유 업 장면도 있는데 그거 안나오는게 아쉽당,2025-05-31T13:38:59Z,0,0.0,,False
@크롱-e2q,한국판 쿵푸허슬같네 ㅋㅋ,2025-06-02T02:03:29Z,0,0.0,,False
@권차장ai,신구는 왜 젊어지는 초능력인데  힘쎄지는 초능력도 가지는거임 ?  작가 시나리오 쓸줄모르지?,2025-08-08T19:24:39Z,0,0.0,,False
@tob2rotpo,유아인 거의 완벽하게 지웠네 ㅋㅋㅋㅋ유아인 극중 이름이 황기동인데 과속스캔들 황기동 아님?,2025-05-31T14:36:59Z,0,0.0,,False
@kicheollee8958,똥사려다가 오줌싸는 영화!  똥방구인데,2025-11-27T01:16:25Z,0,0.0,,False
@wewwewee6034,오티티에서 하는거면 잼겟네 하고 볼거 같은데 극장 개봉...은...<br>음....,2025-06-01T08:41:27Z,1,0.0,,False
@김민준-x1r5l,문선명 + 이만희!,2025-06-08T13:58:48Z,0,0.0,,False
@방가방가-h3g,유아인은 편집 당한거?,2025-05-31T13:03:21Z,0,1.0,,False
@임홍홍,예고편만 편집됨<br>영화에서 비중 ㅈㄴ높음,2025-05-31T13:32:18Z,0,,UgyrMCoMWoKSnyLdsvF4AaABAg,True
@blueskydeer,유아인 언제 나와,2025-05-31T07:37:49Z,0,0.0,,False
@Llllll01722,재밌다고 하길래 볼까 했는데 최신순 댓글들 보니까<br>알바들같은 느낌이 나는데 ㅠㅠㅠ 삽질중인가 나혼잨ㅋㅋㅋㅋㅋㅋㅋ 아니 웨케 알바같지..?,2025-05-31T14:46:12Z,0,0.0,,False
@힘내자-7,유아인은 뭐임?,2025-07-14T04:54:56Z,0,0.0,,False
@user-gl6lt2ni2t,지무비 리뷰에서 서브스턴스 개지리는 재밌는 영화라고 해서 봤는데 소재만 좋았고 노잼이더라<br>지무비는 거른다,2025-07-31T23:02:13Z,2,0.0,,False
@MarinerCho,잘 보고 있다 유아인 나온다는 소리 듣고 이게 맞나 싶네요!,2025-05-31T11:57:48Z,0,0.0,,False
@어부바-o5y,정봉아 엄마한테 무례하네,2025-06-04T01:41:44Z,1,0.0,,False
@도마-1879,이 영화에서 어이없게 유아인이가 또 나오던데 영화배우들은 마약을 하더라도 다시 나올 수 있는 다시 활동할 수 있는 법안이 새롭게 개정된 건가요? 벌써 유아인 이라는 배우가 마약을하고 두개에 영화가 개봉을 했는데 정상적인 처벌 받은 것 맏습니까? 처벌이 너무 가벼우니 촉법소년 까지 마약에 손대는 대한민국 땅이 되어가고 있는 것 아닐까요? 이러면서 어떻게 결혼을하고 정상적인 가정을 꾸리고 아이를 낳아 키우라는 것인지 이해할 수 없네요..,2025-07-13T05:21:40Z,0,0.0,,False
@rltn5882,유아인은왜나오노,2025-06-04T21:22:00Z,1,0.0,,False
@coburn_karma,Hi-5,2025-07-13T02:00:40Z,0,0.0,,False
@제니-l9v,강추☆☆☆☆☆☆☆☆☆!,2025-06-06T17:04:20Z,0,0.0,,False
@찌릿찌릿-z7p,탱크걸ㅋㅋㅅㅂ,2025-06-04T23:43:43Z,0,0.0,,False
@Terries-n1,솔직히 그렇게 웃기지도않았고.. 초중반 스토리 전개가 루즈함... 액션신을 잘뽑음,2025-05-31T02:49:32Z,0,0.0,,False
@mipincheserhio8460,잘 모르겠던데..,2025-06-03T06:02:52Z,0,0.0,,False
@bb-hv9qt,وش فيلم الهنود هذا 😂😂😂😂😂😂😂 وش هالهبل,2025-06-03T10:34:26Z,0,0.0,,False
@jerryq123-w5d,간만에 영화관에서 봤는데 잼나더라 ㅋㅋ 뭔가 B급인데 재미있음 ㅋㅋ,2025-05-30T14:22:20Z,0,0.0,,False
@SoSo-d2m8g,꼭 마약사범을 썻어야하나 ㅡㅡ?,2025-07-14T01:27:13Z,0,0.0,,False
@소판돈-q8p,전 안볼래요,2025-05-31T10:39:57Z,1,0.0,,False
@persimoni,"여러분!! 제가 영화관 가서 보고왔는데요!! 대박입니다! 집에서 볼 영화 아니예요! 제가 과속스캔들 너무 좋아해서 100번 정도 봐서 요 감독님 찐팬이거든요. 지무비님 소개로 개봉했다는거 듣자마자 바로 영화관 달려가서 봤는데,  액션 지리고 연기 지리고 너무 재밌습니다 진짜ㅜㅜ 제 말 듣고 꼭 한 번 영화관 가서 보셨음 좋겠어요!!! 비급?! 절대 아닙니다. 비급인척하는 에스급영화예요!! 과속스캔들, 써니 보다 오천배 정도 더 재밌습니다!",2025-05-30T13:30:42Z,1,0.0,,False
@bbiyo-bbiyo,어제 보고 왔는데 진짜ㅜㅠㅠ넘 재밌게 보고 왔어요ㅠㅠㅠㅠ 평일 점심때쯤이라 그런가 아무도 없어서 거의 대관한거 마냥 편하게 보고 왔어요.. 관객이 얼마 없는게 이상할정도로 재밌었움 ㅠㅠㅠ 넘 웃겨ㅠㅠㅠ 완서 너무 귀여워ㅠㅠㅠㅠ멋있어ㅠㅠㅠㅠ다해ㅠㅠㅠㅠㅠ,2025-06-25T02:42:04Z,0,0.0,,False
@이름미정-b7p,진짜 조오오오오오온나 재밌음<br>이재인 개귀여움❤❤,2025-06-08T00:29:27Z,1,0.0,,False
@PSEun83,진지하게 보고 중간에 헛웃음 한번 웃고 끝나버렸습니다<br>제대로된 B급 영화입니다<br>염력2 라고 봐도 무방합니다,2025-06-01T04:21:55Z,1,0.0,,False
@김현철-e4q,볼려고 하다 유아인 나온다고 해서 안본<br>어떻게 이렇게 빨리 나왔지?<br>마약하면 구속일탠대 징역1년에 집행유예 2년이라니 어떤 판사들이 이런 판결을 내린건지.....<br>아직은 조용히 있어야하는거 아닌가?,2025-08-06T09:54:37Z,1,0.0,,False
@sadtale00,대충 후레쉬걸의 초능력이 짐작이 되네요... 다른 능력자들을 연결해 주는 거 같군요.. 월하천추 날릴 때 구걸이랑 탱크보이를 연결해 주고 있던게 후레쉬걸이죠.. 그래서 날려버릴 수 있었던 듯..,2025-06-01T02:37:23Z,0,0.0,,False
@dkanrjskoo,요즘 영화관이 망한 이유는 2가지<br>1. 코로나 기간중  개비싸진 티켓가격<br>2. 남녀갈라치기 무고등  연애를 포기한 남자들<br>덕분에 커피숍  모텔 호텔 영화관 죄다 망해감<br>심지어  크리스마스이브  정가인데 공실넘침ㅋㅋㅋㅋㅋㅋ,2025-05-31T10:26:12Z,0,0.0,,False
@user-qy2we5oy1z,"세상이 날 속이고있나? 싶은 애들 댓글 최신순으로 좀 볼텐데 딱알려줌<br>조회수가 구독자 수의 2/3 수준으로 많이 나오거나, 댓글이 이상하게 많다면 그 리뷰는 안봐도 됨 (원래 영상은 아무리 유명해도 구독자 수의 절반 이상을 못따라감 그게 공식임)<br>특히 주인공이 사이코패스, 소시오패스, 무슨무슨 천재 이런거면 그냥 무조건 거르셈<br>100% 뷰봇과 금전거래가 들어간 뻥튀기영상임",2025-05-31T16:58:37Z,3,0.0,,False
@bigsky1004,지무비님이 예고편에서 20분의 1도안보여줬다길래 어제보고옴 그냥 예고편에서끝인영화임 교주랑싸우는데 어떻게 다른스토리가있을까 기대하면서 봤지만 그냥 싸우고 이겨서 영화끝남 데리고간사람한테 욕존나 듣고 나옴,2025-06-02T08:22:54Z,1,1.0,,False
@Blue_shorts7,저도 데려간친구한테 욕먹고 아직도 카톡으로 욕먹는중이에요 헤어졌는데 … 하,2025-06-05T15:24:11Z,0,,UgykanslkzGPd5Ey6QV4AaABAg,True
@최가은,영화관 가서 봤는데 근 10년 본 영화 중에 최악...ㅠㅠ 감독님 아직 10년전에 살고 계신듯 배우들이 아까워요,2025-06-05T06:45:00Z,6,0.0,,False
@운승-c2u,진짜 보면서 개 웃었닼ㅋㅋㅋ 지무비는 진짜 영화를 리뷰하는 사람들 중에서는 따라 잡을 사람이 없다 다음에는 더 좋은 영화로 리뷰를 해주기 바랄겤ㅋㅋㅋ,2025-06-08T14:00:00Z,0,0.0,,False
@정원중-t5u,태권도장에서 센드백 터지는 장면 하나 보고 영화 시청했는데. 뭐지? 다들 왜 재미있다고 하지? 스토리가 완전 개판이던데.. 나만 그런가? 중간에 나갈려고 하다가. 그냥 잠이나 자자 해서 극장에서 자고 옴,2025-05-30T23:08:53Z,2,0.0,,False
@전경민-i8g,이건 삐급영화가 아니라 그냥 히어로 성장물 보고나니 너무좋다 2도 제발 나왔으면좋겠다 시리즈물로..장기 기증자가 장시가 7개라했는데..1개가 어디 나온게없다...유아인도..너무 연기잘하고 매력있더라<br>영화 제대로안보고 집중안한것들은 개연성없니 뭐니 연병하는데 히어로물 자체가 시작때는 개연성보다는 등장성을 우선으로한다 빡대갈들아 뭣좀알고 평가하길 바란다,2025-08-07T18:09:26Z,0,0.0,,False
@damoaplus,아... 그놈의 &#39;뭐여?&quot;  ---&gt; 이 효과음좀 그만 처 넣어라.. 개 짱난다,2025-11-22T23:26:04Z,0,0.0,,False
@서든갓-z5o,이런게 영화지ㅋㅋ 학교 얘기면 일진. 재벌관련되면 마약이나 싸가지없고 ㅋㅋ,2025-06-16T06:39:26Z,0,0.0,,False
@sung6082,전독시 액션을 이렇게 만들엇어야지 으이그. 훨씬나은디 제작팀 진짜 보는 눈도없고,2025-07-31T01:37:25Z,0,0.0,,False
@jerrymurphy3086,"오그라드는 옛날 주성치 영화 스타일. 연상호 염력 뭐 그런류인듯. cg가 문제인건가, 시나리오의 문제인건가. 초능력을 소재로 헐리웃처럼 세련되게 만들지는 못하는건가? 한국영화 특유의 억지개그 범벅",2025-06-19T11:16:07Z,0,0.0,,False
@HakunaMatata-l1p,"신구는 젊어지는 능력, 여주인공은 괴력이 되는 능력, 다들 한가지 능력인데 신구는 어떻게 젊어지기도하고 힘도쎄지기도 하나요? 능력 분배가 좀 이상한데요..",2025-07-19T06:06:24Z,0,0.0,,False
@eunicepark-f6j,이 영화보고 네이버 평점 안믿기로 함. 바이럴댓글에 속았음. 솔직히 진짜 이게 재밌다고?? ㅠㅠ 코미디가 스토리 개연성은 없어도 웃기기라도 해야지. 넘 아쉬운 작이다.,2025-06-01T09:17:06Z,5,1.0,,False
@namaste2125,진짜 보면서 너무 재미없어서 진짜 화가 날 정도였음.. 조작된 도시급 영화,2025-06-01T09:39:05Z,2,,UgzbgRXF_-QFykFEX3V4AaABAg,True
@Ililillliiili-j3o,저 방금 보고 왔는데 진짜 미쳣어요 진ㅁ자 감독 역량 10상타치 아…………. 저 cg현업자고 마블영화도 작업 하고 엄청 좋아하는데 진짜 어벤져스 한창때보는 느낌 입니다 ㅜㅜㅜㅜㅜㅜㅜ 그냥 씨지를 잘햇다 이게 아니고 갈아 넣엇는데요 와 감독 역량 미쳣습니더 이거 영화 망하더라도 이런고 많이 해주세요 감독님 ㅠㅠㅜㅜㅠㅠㅠ,2025-05-30T15:32:18Z,0,0.0,,False
@뺚,재밌다는놈들 채널 댓글 갯수 죄다 1개네 ㅋㅌㅋㅋ,2025-05-31T16:02:29Z,0,0.0,,False
@산중턱바위,주성치를 참고한 느낌이 너무강하다,2025-06-04T05:27:08Z,0,0.0,,False
@방정학-t4j,극장에서 30분 보다가 그냥 나옴<br>50대인 나는 소화히기 힘든 영화였음,2025-06-19T02:26:53Z,0,1.0,,False
@윤우-c1m,아닙니다 20대인 저도 힘들었습니다,2025-08-11T16:34:39Z,0,,Ugx2qVRysclAgS8ZtMd4AaABAg,True
@GAONSTAGE,"이게 잼있다고??? 음 글세다,,,,<br>스토리 너무 엉성하고<br>극한직업하고 비교 불가",2025-07-18T07:48:08Z,3,0.0,,False
@니아옹2025,유아인 명불허전... 너무나도 아까운 배우 ... 죄값 치루고 꼭 다시 볼수 있길,2025-09-28T17:27:11Z,0,0.0,,False
@10방불,"진짜 역대급 구린 영화였다.<br>좋은평, 리뷰는 나만당한게 억울해서 남들 낚는거다.<br>진짜 평하기도 민망한 수준이라 영화보고 나온 사람들 전부 허탈한표정으로 허망하게 웃거나 똥씹은 표정이었다. b~c급영화라고 보기도 너무 부족하고 영화관에서 단한번도 관객이 웃지않았는데 이걸 좋게 평가한 댓글들이 꽤 보이니 정말 너무 무섭다.",2025-05-31T23:14:26Z,6,0.0,,False
@yhkkk5772,생각보다 흥행이 너무 안된거 같아서 아쉽더라고요 😢비싼 배우들과말도안되는 시나리오로 찍어내는 요즘 한국영화보단 정말신선하고 재밌게 봤습니다,2025-07-29T23:03:33Z,0,0.0,,False
@김어음-t7g,유아인만 아니면 진짜 3부작 씹어먹는건데,2025-08-31T22:48:05Z,1,0.0,,False
@KCY-bi7fe,그냥 염력2 라고 보는게 맞는거 같다!,2025-05-30T18:14:09Z,0,0.0,,False
@TubeOfTruth,영화보고왔는데 지무비 채널까지 신뢰도 같이 하락하네ㅋㅋㅋㅋㅋㅋㅋㅋㅋㅋㅋㅋㅋㅋㅋㄴㅋㅋㅋㅋㅋ진짜 재미 1도 없고 영화 후반부에 귀만 존나게 아픔 ㅠ 나만 당할 수 없다 이런거도 미안해질만큼 노잼임,2025-06-04T13:26:43Z,10,2.0,,False
@땅콩-e6l,"그만큼 지무비채널이 영화 살려서 설명을 잘하는 것 같아요 ,,😮",2025-06-04T21:22:28Z,1,,UgxKKLUuv1t19IMmekd4AaABAg,True
@Blue_shorts7,저도 지무비님 영상 잘챙겨보는데 진짜 처음으로 댓글남겻자나요 ….. 영화를 리뷰하시는분이시라면 좀더 객관적으로 완성도가 떨어지는 영화란걸 아셧을텐데 .. 완성도도 별로 스토리도 별로 개그코드도 별로 최악이엿어요 ㅠ ㅠ 이 영상을 보고가서 그런건지 …정말 이영상이 다에요 ㅠ,2025-06-05T15:13:16Z,2,,UgxKKLUuv1t19IMmekd4AaABAg,True
@CUT_VIEW,"둘이서 28,000원 내고 볼만 한가요?<br><br>흐음.... 아니다.... 그냥 ott뜨면 볼란다",2025-06-03T10:43:16Z,3,2.0,,False
@오낭냥,돈내고 보기에는 너무 아까움..,2025-06-03T11:58:48Z,2,,UgycBNu8fVj40Q7f9yV4AaABAg,True
@myow8242,ㄹㅇ.. 2시간동안 정색하다옴,2025-06-03T12:17:27Z,2,,UgycBNu8fVj40Q7f9yV4AaABAg,True
@로니콜먼-w1l,영화계가 갈수록 뒤로 퇴보하네,2025-06-04T23:49:44Z,1,0.0,,False
@뚱이user-pz7hc9nq4o,이거 재밌다고...? 진짜로??ㅋㅋㅋㅋ.. 나 출연진만보고 무지성 예매해서봤는데 헛웃음밖에 안남.. 완벽한후보2보다 훨씬 못함..<br><br>이배우들과 이씨쥐에 들인 돈이 아까웠음 순수100프로 감독+시나리오문제임.,2025-05-30T15:58:28Z,2,1.0,,False
@Banshee9710,​@BamTall02 각자 서사는 충분히 있는데요? 잘 본거 맞나요?,2025-05-30T22:58:13Z,0,,Ugz4V8L87I6MtvXWM7V4AaABAg,True
@친추할사람-j4j,2개의심장지성퐉,2025-05-30T23:23:34Z,0,0.0,,False
@빵빵아옥지얌-r9y,개노잼인데 이런식으로 홍보한다고..? 지무비한테 속아서 돈날림...,2025-07-13T12:13:16Z,3,0.0,,False
@ddyi1185,재미까지 b급이면 안되는데..<br>다세포소녀랑 7광구 같진 않겠지?,2025-05-31T10:31:05Z,0,1.0,,False
@임홍홍,재밌음,2025-05-31T11:01:10Z,0,,UgxOtjxd-pu33bzoQhJ4AaABAg,True
@leehong981,ㄵ,2025-05-31T14:59:18Z,0,0.0,,False
@김경진-b9k5i,유아인 나오면 3000만큼 재미있어도 안 봐,2025-06-11T15:14:47Z,0,0.0,,False
@m.j.k1008,유아인 철저히 삭제했네,2025-07-12T06:06:03Z,0,0.0,,False
@-_-pikachu,딱딱이가 진짜인데 어디감 ㅠ,2025-06-08T09:53:50Z,0,0.0,,False
@panorama1029.,니들이 게맛을알아 ㅋㅋㅋ,2025-06-01T07:58:15Z,0,0.0,,False
@Dist-opia,"직접 보고 왔는데요<br>무빙, 경이로운소문 등 느낌이 나는 영화였습니다<br>이런 풍의 영화가 취향이면 추천하지만<br>너무 뻔한 한국식 클리셰가 지겹다면 비추천합니다",2025-06-06T22:51:00Z,0,0.0,,False
@VradNorton,백퍼 주성치빠가 만들었네,2025-05-31T17:42:31Z,0,0.0,,False
@entj7588,개콘 또 폐지 시키는거야?,2026-02-13T07:17:08Z,0,0.0,,False
@napoleonchen,웹툰 핑크맨 따라한거임?,2025-05-30T17:00:25Z,0,0.0,,False
@앙드레뽕,소문이랑 비슷한 내용아님,2025-05-30T13:50:30Z,0,0.0,,False
@환영비,주성치 영화보는듯.<br>소림 쿵푸허슬ㅋ,2025-07-14T21:28:34Z,0,1.0,,False
@날자고도리-b6w,그런 명작과 비교를... ㅠ,2025-07-19T12:54:03Z,0,,UgyvwhoejmT9UNBj08R4AaABAg,True
@SNOWKANG-4404,약 쟁이는 꺼집시다..,2025-06-01T08:19:03Z,2,0.0,,False
@wogawoga919,딱 디즈니플러스에 나와야할 직품이네? 이걸 영화관?,2025-06-04T05:27:28Z,0,0.0,,False
@쌀보리-x9r,정봉이 많이 슬림해졌네,2025-12-08T10:13:14Z,0,0.0,,False
@유선우-y4z,진짜 이배우들 가지고 참재미가 진짜 없어요,2026-02-11T11:56:31Z,1,0.0,,False
@김희양-h1h,너무 잼나게 봄,2025-06-04T09:24:19Z,0,0.0,,False
@CharlesKing007,주성치 한국진출했냐?,2025-06-05T12:43:11Z,0,0.0,,False
@궁금바리,재밌는데?,2025-07-08T12:26:28Z,0,0.0,,False
@보연-h2i,근데 이거보니까 ㅠㅠ 너무 내용 다알게되서 흥미도가 떨어지더라구요,2025-06-05T00:35:50Z,0,0.0,,False
@dreammaker0910,정말 지무비 믿고 봤는데 재미가 너무 없었네요. 시간 아깝고 돈도 아까웠음. <br><br>캐스팅은 좋으나 언제 끝나나? 생각 멈추질 않는 영화,2025-05-31T12:44:30Z,2,0.0,,False
@지요르,유아인 어디감???,2025-06-01T13:16:35Z,0,0.0,,False
@YmJ-fz7ol,지금 유튜브 안됌,2026-02-18T01:49:16Z,0,0.0,,False
@Baseball_love777,홍콩영화같다 ㅋㅋ,2025-06-06T06:17:38Z,0,0.0,,False
@김현정-f8r4r,유아인 빼다니 아쉽,2025-06-09T09:57:52Z,0,0.0,,False
@Ghost_is_a_high_calorie,유아인 능력 : 해독,2025-06-03T02:44:25Z,0,0.0,,False
@원효대사-j6o,"도둑질한 영화를 이리도 띄워주는 사람들은 뭐죠?,나라가 이모양인데 불법영화가 그리도 재밌나요?이러라고 유트브에 수익주며 몰이 시킬려고 만든 건데 이용당하는거 억울하지도 않나요?저 사람들과 같은 직종이 아니라면 굳이 띄워줄일이 아닐텐데요.엄연한 남에 생각보고 만든거면 또한 유트브썸네일 편집으로 만든거면 표절이고 심각한 스토킹에 정보통신망법위반인데 이게 불법비디오나 몰카랑 뭐가 다르죠?상대방 허락없이 남에걸 베낀건 불법이죠.조주빈과 뭐가 다를까요?",2025-07-18T05:50:42Z,1,1.0,,False
@설탕이즈녹은,나라가 용산돼지 하나 때문에 망할뻔 하긴 햇지예ㅋㅋㅋㅋㅋㅋㅋㅋㅋㅋㅋ,2025-07-29T04:33:20Z,0,,UgxuIX5or-K-27237wZ4AaABAg,True
@포도밭작은집,ㄱ래서 탱크걸은 뭔 능력임?ㅋㅋㅋㅋ,2025-06-01T16:03:53Z,0,0.0,,False
@Rush-l3g,개노잼,2025-06-05T05:48:07Z,3,0.0,,False
@-_--ru5sx,"ㅋㅋㅋㅋㅋㅋ진심 개웃겼음 이 영화ㅋㅋㅋ 보는데, 사이비 교주 보면서 &quot;야아아아!! 너어는 진짜 더블 베럴 샷건으로 대가리 터뜨려고 할말없다!!!&quot; 이러면서 봄ㅋㅋㅋㅋㅋㅋㅋ",2025-07-31T06:31:46Z,0,0.0,,False
@gumanu4768,개유치해 ㅋㅋㅋ,2025-05-31T18:15:15Z,1,0.0,,False
@arare-q7q,참고로 안웃기고 잘만들었어요.,2025-05-31T15:10:38Z,0,0.0,,False
@오낭냥,하...이거보고 영화관가서 봤는데 2시간 날림.. 진심 너무 유치하고 CG가 18년도 느낌나고..내용도 ㅈㄴ 정신없음..B급도아니고 C급임..,2025-06-03T11:57:40Z,6,1.0,,False
@myow8242,D- 급.. 진짜 한국영화가 쇠퇴하는 이유를 말해주는 영화,2025-06-03T12:17:11Z,3,,UgxhCG-nLops4iJYQOh4AaABAg,True
@bluesky45y,좀더 크게 흥행할수있었는데 마약쟁이때문에 망한영화,2025-08-06T02:12:46Z,0,0.0,,False
@하얀-곰탱이,어 오랜만에 보는 B급영화<br>예전 류배우 영화 생각나네요,2025-05-30T12:20:04Z,0,0.0,,False
@하이루시-h8x,사운드 인정  진짜 웃기진않음,2025-06-08T14:58:16Z,0,0.0,,False
@ejsk4431,유아인을 왜기대해 지뭐비야,2025-06-02T05:01:23Z,0,0.0,,False
@МирДорам-х,🎉🎉🎉🎉🎉🎉🎉,2025-06-02T17:04:23Z,0,0.0,,False
@elen196,이딴 영화나 만드니까 한국영화가 망하는거… 영화계가 아직도 00-10년도에 머물러있음,2026-01-10T15:45:50Z,1,0.0,,False
@menaname9757,🍑🍑💚💚💚,2025-05-30T18:41:55Z,1,0.0,,False
@minkim4487,이게 진짜 잼있다고?,2025-07-13T15:12:49Z,9,0.0,,False
@맥버튼,별점 2.5점이 맞을듯… 중간중간 피식하는데 리뷰영상이 전부예요. 메인스토리가 너무 부실해요.,2025-06-06T17:02:54Z,2,0.0,,False
@CH-gp9rj,ㄹㅇ 개노잼임,2025-06-02T18:19:19Z,1,0.0,,False
@lllklkkkk,안재홍이 비호감으로 나옴 안재홍,2025-06-06T13:28:25Z,1,0.0,,False
@쿠로미냥_9,너무 재미만 따져서 싼마이 냄새때문에 못보겟다 ㅇㅇ <br>그냥 다른거 하면서 틀어놓는 용도면 딱좋음 ㅋ,2025-09-28T20:25:16Z,0,0.0,,False
@야미치,Cg티 너무 남,2025-06-05T12:18:40Z,0,0.0,,False
@Lab_City,재밌는데.. 망했나보네ㅠ,2026-01-21T03:16:34Z,0,0.0,,False
@mongjyam,엔딩 허무하고 문신 대해서 떡밥 엄청 뿌리고 막상 떡밥 풀리는 거 하나도 없고 캐릭터들 매력도 없는데...<br>이게 재밋다고? 보고 와서 역대급으로 실망햇어염...,2025-06-01T04:03:50Z,3,0.0,,False
@AKI-ji9zp,영화관서 봤는데 너무 노잼이더라,2025-06-28T13:50:00Z,2,0.0,,False
@ILike2360,"돈을 얼마나 받아먹은거냐, 이게 웃긴거면 지능 의심좀 해봐라",2025-06-08T22:55:22Z,3,0.0,,False
@nantapakbutakad3291,มันน่าดูค่ะ❤❤❤❤,2025-07-16T06:35:03Z,0,0.0,,False
@Shshshshhshh,넷플릭스진짜 6월까지쓰고 끊어버려야지 볼거 하나도없내 잼있는건 하나도없어,2025-06-10T07:26:48Z,0,0.0,,False
@공모킹,영화관에선 보지마삼 ㅋㅋ무빙느낌 ott 나오면 보세요,2025-05-31T10:47:46Z,0,0.0,,False
@seunghopark4465,악 개오글거령ㅋㅋ,2026-01-21T08:51:56Z,0,0.0,,False
@yas-oh,사이비교주 젊어질때부터 엿같아서 못보겠음<br>먼연기를 발로하누ㅋㅋ,2026-01-04T08:47:24Z,0,0.0,,False
@까꿍-e7g,약쟁이 나오네,2025-07-13T05:01:25Z,0,0.0,,False
@서인일-e2x,쿵푸허슬 표절했네~~,2025-06-08T11:18:06Z,0,0.0,,False
@얼치기,개씹노잼이던데...,2025-06-14T11:04:26Z,3,0.0,,False
@성준-p7m,약쟁이라,2025-10-07T23:11:03Z,0,0.0,,False
@yschoi1013,no jam,2025-06-01T05:24:47Z,1,0.0,,False
@강똘-q4m,재미 졸라 없음...,2025-07-13T11:11:51Z,2,0.0,,False
@saber_toktik,Eeee plastik,2026-02-16T15:10:57Z,0,0.0,,False
@trustarMello,재미가 ㅈㄴ없어요,2025-06-04T20:49:00Z,0,0.0,,False
@강토-m2c,지무비는 다 좋은데 너무 뻥튀기 하거나 거짓말을 함<br>뭐가 20분에 1밖에 안보여줘<br>내가 어제 보고 왔는데 소개영상에서 거의 20분에 13정도는 보여줬음<br>난 오히려 소개영상에서 핵심 개그를 너무 많이 보여주고 스포도 심해서<br>정작 본편에서는 그다지 볼게 많이 없던데??<br>그래도 나머지 7 정도도 극장가서 볼만하니<br>재밌는 영화인건 맞음 ㅋㅋㅋ<br><br>지무비가 리뷰를 못한다는게 아니라 과장 뻥튀기가 너무 심하다는거임<br>그니깐 앞으로 영상에선 좀더 진실되고 담백한 리뷰 바람 <br>솔직히 노잼이면 노잼이라고도 하고 좀 그래야 <br>구독자들의 신뢰를 얻을수 있지 않겠음?? ㅋㅋ<br><br>그리고 스포성 장면은 좀 빼라<br>지무비는 스포가 너무 심해<br>내가 말하는 스포라는건 굳이 내용을 말하지 않았더라도<br>그걸 유추하게 만드는 것까지도 스포임<br>그럼 어떻게 리뷰를 하란말이야 할수도 있는데<br>그걸 잘하는게 리뷰고 유튜버니깐 그건 님들이 알아서 고민해야 할일 ㅋㅋㅋ,2025-05-31T18:42:06Z,3,0.0,,False
@user-oc9on1de5f,라미란은 왜 있는지 모르겠고 솔직히 웃음포인트가 생각보다 없어요,2025-06-03T02:44:03Z,0,0.0,,False
@복싱맨-h6u,개노잼,2025-06-14T12:19:26Z,1,0.0,,False
@pentapenta4127,그냥 초딩용 영화 내용임. 식상하고 별로였음.,2025-06-22T13:02:15Z,4,0.0,,False
@임유상-j3u,재미가 없었음. 인위적인 웃음... 짜증 나던데,2025-06-09T09:39:24Z,7,0.0,,False
@UNITUS2019,유아인만 아니면 보러갔을텐데... 아쉽군,2025-06-02T23:16:03Z,0,1.0,,False
@lime2839-x3c,유아인 때문에 끝까지 본 사람임... 유아인 캐릭터 완전 잘 잡았음. 그외 캐릭터는 살짝 뭔가 고구마다.,2025-06-02T23:41:53Z,1,,UgwkOMcGEjL5Yc6KTmt4AaABAg,True
@334-g2e,재미 하나도 없습니다,2025-06-01T01:25:28Z,5,0.0,,False
@박지향-v6s,이게 잼있다고 나만 재미없나 너무유치,2025-06-01T03:22:34Z,1,0.0,,False
@ysj,재미없던데...아무리 b급이라고 해도 너무 유치. 조잡.<br>평점도 이해하지못할정도로 높음. 이 영화 뭔가 이상함.,2025-06-01T19:48:39Z,4,0.0,,False
@act5diof286,씨급이라 할게요,2025-06-01T23:09:49Z,1,0.0,,False
@kkkk3444,방탄좌 죽는거 스포당했노..,2025-06-04T09:07:17Z,0,0.0,,False
@미췬텐션,왜 하필 중국에 속국 마지막으로 향해가고 있는와중에 장기기증이 왜 코메디물로 친숙하게 다가오는것인가!! 왜 하필 장기냐!! 소름 끼치네!!,2025-07-11T19:01:01Z,0,1.0,,False
@꼬냑이체질,김문수 화이팅~~~~ 이준석 화이팅~~~~ 펨코 대구 경북 영원하라~~~ ㅋㅋㅋㅋㅋㅋㅋㅋㅋㅋㅋㅋㅋㅋㅋㅋㅋㅋㅋㅋㅋㅋㅋㅋㅋㅋㅋㅋㅋㅋㅋㅋㅋㅋㅋㅋㅋㅋㅋㅋㅋㅋㅋㅋㅋㅋㅋㅋㅋㅋㅋㅋㅋㅋㅋㅋㅋㅋㅋㅋㅋㅋㅋㅋㅋㅋㅋㅋㅋㅋㅋㅋㅋㅋㅋㅋㅋㅋㅋㅋㅋㅋㅋㅋㅋㅋㅋㅋㅋㅋㅋㅋㅋㅋ,2025-07-13T16:24:37Z,0,,Ugy6K6VkeUbADn4DoXR4AaABAg,True
@Checks_over_stripes_,"별점 1개도 아까운 개 쓰레기 영화. 쓸데없이 러닝타임은 길어서 마지막까지 보는데 고문 수준임. 돈, 시간 낭비할 사람들만 보시길",2025-06-19T04:59:02Z,2,0.0,,False
@저승사자-z5j,"이 영화 절대로 B급 아님!<br>.<br>.<br>.<br>.<br>쓰레기 임...<br>관람등급이 15이상으로 되어 있지만 바꿔야 함...<br>15세 미만만 관람가능으로...<br>소재, 배우들 충분히 경쟁력 있는것들을 이렇게까지 쓰레기로 만들수 있는 감독이라...<br>한국 영화계를 말아먹을수 있는것도 능력이라면 능력!<br>돈이 남아돌고 시간이 남아돌면 꼭 보시는거 추천!",2025-06-02T03:14:36Z,1,0.0,,False
@kimsujeong1284,윤석렬도 나락보냈으니 이제 유아인씨 그만 구제해주면 안될까요,2025-06-03T20:42:53Z,0,0.0,,False
@90code4e,십원어치도안웃김 지무비 요악영상 보는내내 무표정으로봄<br>쌉억지,2025-06-03T12:27:53Z,2,0.0,,False
@22세기개발자,망삘,2026-04-01T23:58:47Z,0,0.0,,False
@카모밀레-v7l,ㄹㅇ재미없던데,2025-06-21T12:13:39Z,3,0.0,,False
@bunny3156,망했내,2025-06-02T16:44:56Z,1,0.0,,False
@p6j3b,유아인없었으면노잼이었을듯,2025-05-31T15:21:45Z,2,0.0,,False
@Amanda-t3c,"이게 무슨, 쿵푸파이터도 아니고.. 한국에서 중국 수준 같은 영화가....",2025-06-01T09:28:43Z,0,0.0,,False
@taelee8792,"<a href=""https://www.youtube.com/watch?v=oYCMSk3U6C4&amp;t=705"">11:45</a> 발음어색한거 어쩔..음.. 재밌어 보이는데, 젊은 악역이 좀 깨네. 아쉽다",2025-06-02T17:12:27Z,0,1.0,,False
@donii99,읭ㅋ,2025-06-08T11:14:48Z,0,,UgwAZNa1kHnZlrNEcut4AaABAg,True
@hukbabo,이런 쓰레기 같은 영화를 제값주고 보다니 후....열받아서 영화검색해보고 영상이랑 댓글 보니 더 어이없네 ㅋㅋㅋㅋㅋㅋ,2025-05-31T18:43:18Z,4,0.0,,False
@올리비아-g7t,"초등학생의 상상력을 그대로 옮긴 듯한 전개. 이런 식의 리뷰 조작이 계속된다면, 네이버 영화 평점 시스템은 본래의 기능을 상실할 수밖에 없다고 본다. 개연성은 차치하더라도, 첫 달리기 장면에 사용된 CG는 수준 이하였으며 몰입을 방해했다. 소림축구 CG가 더 수준이 높다.무려 10년 전 작품인 전우치보다도 영상미가 떨어지면 어떡하나? 만약 외국인 친구와 함께 관람했다면 민망함을 감출 수 없었을 것이다.영화 감독들 사명감을 가졌으면 한다.",2025-06-03T17:25:26Z,1,0.0,,False
@쪙-y9c,재미없엉~ ㅠ 돈아까워 피식 한번함 안웃김ㅋ,2025-06-03T16:07:57Z,2,0.0,,False
@yee2510,이영화 망햇어요 라미란나와서,2025-06-10T10:03:22Z,0,0.0,,False
@고고호-z8c,보고 왔는데....재미없음,2025-06-02T15:23:05Z,1,0.0,,False
@잘생긴사람-너보다,쓰레기 영화였음!,2026-04-12T12:24:05Z,0,0.0,,False
