author_handle,content,published_at,like_count,reply_count,parent_id,is_reply
@지무비,"🎬영화, ≪하이파이브≫는 오는 5월 30일 개봉합니다.<br>📌 ≪하이파이브≫  바로 보러 가기 → <a href=""https://vo.la/QPhUZA"">https://vo.la/QPhUZA</a><br>---<br>📌 지무비 멤버십 가입 → <a href=""https://www.youtube.com/channel/UCaHGOzOyeYzLQeKsVkfLEGA/join"">https://www.youtube.com/channel/UCaHGOzOyeYzLQeKsVkfLEGA/join</a><br>*멤버십에 가입하시면 일부 영상들의🔥결말 끝까지 다룬 영상🔥멤버십 한정 히든 영상🔥영상 선공개🔥회원 전용 특별 포스팅을 즐기실 수 있습니다.(하이파이브의 결말을 의미히는 것은 아님을 알려드립니다. 결말 허가가 가능한 작품에 한해서)<br>---<br>📌리씨네님의 다른 시각 &lt;하이파이브&gt; 소개 영상 보러 가기 → <a href=""https://www.youtube.com/watch?v=4GjoleZD6Pk"">https://youtu.be/4GjoleZD6Pk</a><br>📌오티티님의 다른 시각 &lt;하이파이브&gt; 소개 영상 보러 가기 → <a href=""https://www.youtube.com/watch?v=92rceggVtyg"">https://youtu.be/92rceggVtyg</a>",2025-05-25T00:55:14Z,577,12.0,,False
@fox80123,​@hunter-2023뇌피셜 지리네 ㅋㅋ,2025-05-25T08:14:43Z,0,,UgyXZCJZSPLQy474KR94AaABAg,True
@DraF_6412,@hunter-2023 니 목 위에 있는게 중국풍이다 ㅋㅋㅋㅋ,2025-05-25T08:15:40Z,1,,UgyXZCJZSPLQy474KR94AaABAg,True
@davidqw4763,한국의 cg는 속도감이 현실적이지 못하고 너무 부자연스럽다 작업을 대충하는 느낌,2025-05-25T23:43:05Z,2,,UgyXZCJZSPLQy474KR94AaABAg,True
@Kys_3605,이런걸 원했어ㅋㅋ,2025-05-26T04:29:20Z,2,,UgyXZCJZSPLQy474KR94AaABAg,True
@mungaj,@davidqw4763 cg 기술은 어차피 쓰는 프로그램이 다 거기서 거기일테니 헐리웃이랑 차이는 없을 것 같은데 실력이 없는 듯,2025-05-26T17:09:13Z,0,,UgyXZCJZSPLQy474KR94AaABAg,True
@tshj1052,주성치냄새난다ㅋㅋ존잼일듯ㅋㅋㅋㅋ,2025-05-27T23:42:06Z,2,,UgyXZCJZSPLQy474KR94AaABAg,True
@goyangyi,거의 무슨 나루토 ㄷ,2025-05-31T16:13:46Z,1,,UgyXZCJZSPLQy474KR94AaABAg,True
@goyangyi,폐 : 풍둔<br>심장 : 체술<br>각막 : 동술<br>간 : 피해흡수<br>췌장 : 능력 흡수,2025-05-31T16:29:51Z,0,,UgyXZCJZSPLQy474KR94AaABAg,True
@송선종-v6p,이런거 어떻게 보나요?,2025-06-01T08:11:16Z,0,,UgyXZCJZSPLQy474KR94AaABAg,True
@sohuhwhat1702,​@goyangyi  신장은?,2025-06-02T22:00:55Z,0,,UgyXZCJZSPLQy474KR94AaABAg,True
@Milidory,밧데리맨은 이렇게 순삭인가요?,2025-06-03T08:50:56Z,0,,UgyXZCJZSPLQy474KR94AaABAg,True
@TH06Lee,나 보고왔는데 각막 핑거스냅 날리면 인터넷 다루는 좀사기능력 (발가락 스넵 ㄷㄷ),2025-06-07T12:26:20Z,0,,UgyXZCJZSPLQy474KR94AaABAg,True
@아무도아님-o9p,나 이렇게 연기잘하는사람들 모여서 B급 느낌나는 영화 찍는거 너무 좋음 ㅋㅋㅋㅋㅋㅋㅋㅋ연령도 성별도 다양한 배우가 활약하는거 특히 응원함!,2025-05-25T01:37:41Z,4045,30.0,,False
@윈터는겨울-k7o,아라한 장풍대작전 보셨나요?,2025-05-25T02:10:20Z,65,,UgxY6h4af5bj8Gd36Yl4AaABAg,True
@sori676,@윈터는겨울-k7o50번정도봄 ㅋㅋ,2025-05-25T03:11:47Z,52,,UgxY6h4af5bj8Gd36Yl4AaABAg,True
@아리앨리스,@sori676 개노잼 영화 50번 본게 대단하네요.,2025-05-25T06:58:14Z,7,,UgxY6h4af5bj8Gd36Yl4AaABAg,True
@데모크라시o,​@아리앨리스 너의 인생보다는 재밋을듯 ㅋㅋㅋㅋ,2025-05-27T03:53:49Z,0,,UgxY6h4af5bj8Gd36Yl4AaABAg,True
@과식한토끼,으~~~~~저도요!!표현 넘 찰떡이네용,2025-05-27T12:08:17Z,2,,UgxY6h4af5bj8Gd36Yl4AaABAg,True
@l9야듕F4저장소re3,"가끔 이런 영화가 진짜 짱이야.. 아무 생각 없이 보기에 딱이고, 개그도 있어 ㅋㅋㅋ 영화관에서 꼭 봐야겠다!",2025-05-28T06:25:07Z,14,,UgxY6h4af5bj8Gd36Yl4AaABAg,True
@jihyunkim4283,보면행복해짐,2025-05-28T09:19:01Z,10,,UgxY6h4af5bj8Gd36Yl4AaABAg,True
@요아정먹고싶다,ㅇㅈ A급을 할줄 아는 사람이 B급도 기가 맥히고 코가막히게 잘 만듬 ㅋㅋㅋㅋ,2025-05-28T23:10:22Z,29,,UgxY6h4af5bj8Gd36Yl4AaABAg,True
@thewavecore4720,@아리앨리스 아라한을 개 노잼이라고 하는 이 방구석 모질이는 나이가 몇일까..,2025-05-29T16:03:05Z,0,,UgxY6h4af5bj8Gd36Yl4AaABAg,True
@형님호랑이,악인 역할 맡은 쟤는 아이돌 아닌가?너무 큰역..,2025-05-29T23:52:40Z,1,,UgxY6h4af5bj8Gd36Yl4AaABAg,True
@dkht222,방금보고 왔는데 b급감성 S급 퀄 영화임 영화관에서 봐야함,2025-05-30T04:49:59Z,21,,UgxY6h4af5bj8Gd36Yl4AaABAg,True
@아무도아님-o9p,​@dkht222오 궁금했는데 오랜만에 영화관 가야겠네요,2025-05-30T05:10:30Z,0,,UgxY6h4af5bj8Gd36Yl4AaABAg,True
@tgsrvf1230,@형님호랑이드림하이시즌2부터 드라마20편 찍은 배우겸 이이돌가수임,2025-05-30T06:55:37Z,1,,UgxY6h4af5bj8Gd36Yl4AaABAg,True
@kkachil79,7광구를 보고도 이딴 소리가 나오는지 보자.😂,2025-05-30T22:49:58Z,0,,UgxY6h4af5bj8Gd36Yl4AaABAg,True
@cloud-vu2me,지구를 지켜라!,2025-05-31T05:40:02Z,0,,UgxY6h4af5bj8Gd36Yl4AaABAg,True
@아무도아님-o9p,​​@cloud-vu2me헐 저 이거 엄청좋아해요!!,2025-05-31T05:42:39Z,0,,UgxY6h4af5bj8Gd36Yl4AaABAg,True
@빠라박-t9u,@윈터는겨울-k7o 아라한+소림축구+쿵푸허슬,2025-05-31T06:18:35Z,1,,UgxY6h4af5bj8Gd36Yl4AaABAg,True
@benedictkoo9914,아침에 보고 옮.,2025-05-31T08:50:27Z,0,,UgxY6h4af5bj8Gd36Yl4AaABAg,True
@DWis-kf3ko,​@kkachil79 b급감성이랑 연출능력이 b급인거는 다르지....,2025-06-01T08:02:49Z,1,,UgxY6h4af5bj8Gd36Yl4AaABAg,True
@부르니부름,미션 임파셔블이나 에일리언보다 외계+인을 더 재밋게 보았는데 이상한 유튜버들이 재미있는데 재미 없다고 소문내서 3부도 못 나오게 만들고 이런 영화가 재미 있는데,2025-06-03T03:14:28Z,0,,UgxY6h4af5bj8Gd36Yl4AaABAg,True
@skdnnxsq,연령도 성별도 ㅇㅈㄹ하고 있네 ㅋㅋ,2025-06-03T15:19:13Z,0,,UgxY6h4af5bj8Gd36Yl4AaABAg,True
@Double_m__,드라마괜찮음 쿠플 가족계획봐보세요 연기들 개쩌는데 B급냄새나고 좀 잔인하고 개쩜,2025-06-04T00:37:49Z,3,,UgxY6h4af5bj8Gd36Yl4AaABAg,True
@user-ou22g8z22,한국의 중국화,2025-06-05T12:04:05Z,1,,UgxY6h4af5bj8Gd36Yl4AaABAg,True
@rtjjpation3791,지무비 형 ㄹㅇ 돈독올랏나 ㅋㅋㅋㅋㅋㅋㅋ. 피식 2번하고 재미없었음 ㄹㅇ,2025-06-06T13:25:10Z,3,,UgxY6h4af5bj8Gd36Yl4AaABAg,True
@공돌이bbb,알바세요...?,2025-06-09T10:19:39Z,0,,UgxY6h4af5bj8Gd36Yl4AaABAg,True
@hoya8610,성별이 왜 나옴 ㅋㅋㅋ 남녀둘 밖에 더 있음 ㅋㅋㅋ 은근 성별 끼워넣기ㅎㅋㅎ,2025-06-12T14:34:34Z,0,,UgxY6h4af5bj8Gd36Yl4AaABAg,True
@아무도아님-o9p,​​@hoya8610한쪽에 치우치지않고 성비가 잘맞단뜻인데  ^^ 이해력이 좀 부족하시네요,2025-06-12T14:38:59Z,1,,UgxY6h4af5bj8Gd36Yl4AaABAg,True
@LeadingWorshiper,좋았어요.,2025-06-12T15:02:10Z,3,,UgxY6h4af5bj8Gd36Yl4AaABAg,True
@blueribbon44,옳소!! 👍👍,2025-06-29T15:33:53Z,3,,UgxY6h4af5bj8Gd36Yl4AaABAg,True
@rtjjpation3791,예고만 재미잇음 ㅉㅉ,2025-09-04T02:57:26Z,0,,UgxY6h4af5bj8Gd36Yl4AaABAg,True
@leelee1851,젊어지고도 신구선생님의 어투? 를 그대로 표현한게 완전 대박.,2025-05-25T15:48:20Z,1128,4.0,,False
@김정원-i4s,ㄹㅇ,2025-05-29T10:34:35Z,7,,Ugwm6j_4Tlf4xmnLtyZ4AaABAg,True
@Hiah0917,신구선생님께 자주 물어보면서 따라하려고 노력했대요...😳😳,2025-05-30T03:24:40Z,54,,Ugwm6j_4Tlf4xmnLtyZ4AaABAg,True
@user-es8wl4os8g,나는 박진영 연기가 좀 한계가 있다고 생각했는데 악역도 잘하네,2025-05-30T10:21:22Z,66,,Ugwm6j_4Tlf4xmnLtyZ4AaABAg,True
@Gunnandglo,진영❤,2025-06-06T13:43:54Z,7,,Ugwm6j_4Tlf4xmnLtyZ4AaABAg,True
@kaka-b5u,"<a href=""https://www.youtube.com/watch?v=oYCMSk3U6C4&amp;t=595"">09:55</a> 미친 미남...",2025-06-02T05:35:32Z,464,0.0,,False
@싸카킥,ㅋㅋ 영상초반에 크게될놈이왔습니다 하니까 태권! 씩씩하게 귀엽넹ㅋㅋㅋ,2025-05-25T05:41:41Z,2400,5.0,,False
@uipara4710,나도 이 부분 빵터짐 ㅋㅋㅋㅋ 태권! ㅋㅋㅋㅋㅋㅋ,2025-05-25T12:32:30Z,56,,UgydgdYDTETAUnp4MPx4AaABAg,True
@l9많다_냬챼녈에_O40YmX,진짜 오랜만에 내 취향 영화다 ㅋㅋ,2025-05-26T08:44:29Z,22,,UgydgdYDTETAUnp4MPx4AaABAg,True
@쇳치,개가 영화 살려다 ㅋㅋ진짜,2025-06-01T00:42:33Z,6,,UgydgdYDTETAUnp4MPx4AaABAg,True
@조금표,볼뽀뽀 해주고 싶은 귀여움  ㅋㅋ 남자아이나 여자아이나 아이들은 다귀하죠,2025-06-01T23:53:57Z,7,,UgydgdYDTETAUnp4MPx4AaABAg,True
@LeadingWorshiper,앞 부분 놓쳤는데 ㅠ<br>극장에 늦게 들어감,2025-06-12T15:01:29Z,2,,UgydgdYDTETAUnp4MPx4AaABAg,True
@씨크래빗,진짜 가끔은 이런 영화가 진짜 최고다..아무생각없이 시원시원하고. 개그요소도. 가미된..꼭 영화관으로 가서 보겠습니다.,2025-05-25T05:00:27Z,1151,13.0,,False
@야뎡_많음_냬챼녈_C6P2pX,어머... 박진영 이거 뭐야? 신구 할아버지를 완전히 흡입했네﫢 영화 개봉하자마자 바로 가야겠다!,2025-05-30T03:27:30Z,3,,UgwRDH-b37NzOogB5bt4AaABAg,True
@bartoppa9598,유아인 나오는거 아닌가요??,2025-05-31T00:03:22Z,1,,UgwRDH-b37NzOogB5bt4AaABAg,True
@강어커,우와<br>미션임파서블 보다<br>이게 왜 더 보고싶을까요?^^,2025-06-01T13:55:27Z,3,,UgwRDH-b37NzOogB5bt4AaABAg,True
@ja_kerks6853,봤는데 안보는게 나아요 개연성이 한개도 없이 영화가 진행됩니다,2025-06-04T05:50:04Z,8,,UgwRDH-b37NzOogB5bt4AaABAg,True
@seoulstreet9679,"유아인 나와요<br>근데, 정말 재미있어요",2025-06-04T13:42:01Z,3,,UgwRDH-b37NzOogB5bt4AaABAg,True
@LeadingWorshiper,좋았어요,2025-06-12T15:00:22Z,5,,UgwRDH-b37NzOogB5bt4AaABAg,True
@해우-k5k,진짜 재밌었어요!! 꼭 영화관 가서 보세요 계속 웃었고 오랜만에 영화로 힐링했어요!ㅋㅋㅋㅋ,2025-06-14T07:58:53Z,4,,UgwRDH-b37NzOogB5bt4AaABAg,True
@khycool3,오늘 보고왔는데 겁나 재밌습니다😊,2025-06-14T13:53:28Z,4,,UgwRDH-b37NzOogB5bt4AaABAg,True
@씨크래빗,​@khycool3 오!!저도 어여 보러가야겠군요!!,2025-06-14T17:20:38Z,0,,UgwRDH-b37NzOogB5bt4AaABAg,True
@씨크래빗,​@해우-k5k빨리 보러갑니다~,2025-06-14T17:21:30Z,0,,UgwRDH-b37NzOogB5bt4AaABAg,True
@benedictkoo9914,킬링타임용. 딱 좋음. 내취향. ^^,2025-06-18T14:46:01Z,0,,UgwRDH-b37NzOogB5bt4AaABAg,True
@쿠로미냥_9,너무 아무 생각없어서 별로임 ㅇㅇ,2025-09-28T20:24:46Z,0,,UgwRDH-b37NzOogB5bt4AaABAg,True
@생강좀하고살자,영화가 꼭 생각하고 봐야함???,2026-01-05T15:44:27Z,0,,UgwRDH-b37NzOogB5bt4AaABAg,True
@cxdhsl,"<a href=""https://www.youtube.com/watch?v=oYCMSk3U6C4&amp;t=623"">10:23</a> 왜이래 알면서에서 진짜 소름 돋음 진영 신구선생님 거의 흡수했는데?!",2025-06-01T01:18:05Z,117,0.0,,False
@lgh0526,"<a href=""https://www.youtube.com/watch?v=oYCMSk3U6C4&amp;t=333"">5:33</a> 진짜 이런 연기는 안재홍이 원탑임ㅋㅋㅋㅋㅋㅋㅋ",2025-05-25T14:08:50Z,1056,8.0,,False
@clubsky2,이거 진짜 빵터졌음 ㅋㅋ,2025-05-26T12:52:32Z,47,,UgweQJzSiMIIZcuVMbt4AaABAg,True
@BP28992,동감..안재홍 넘 웃김,2025-05-27T04:18:58Z,20,,UgweQJzSiMIIZcuVMbt4AaABAg,True
@띵뷰v,레알 공감!! 간만에 빵터짐 ㅋㅋㅋ😂,2025-05-27T06:13:24Z,11,,UgweQJzSiMIIZcuVMbt4AaABAg,True
@i9풀버전aq야듕N8,와 진영 배우 목소리 진짜 대박이다 ㅋㅋ 신구 선생님 느낌 나네! 연기 너무 좋음 ㅠㅠ,2025-05-27T07:21:55Z,11,,UgweQJzSiMIIZcuVMbt4AaABAg,True
@실비아-p6s,치킨 먹는 씬도 재밌음,2025-05-28T11:30:48Z,3,,UgweQJzSiMIIZcuVMbt4AaABAg,True
@ipo-330,나인걸이 머리 날리는거 디테일,2025-05-31T03:48:45Z,4,,UgweQJzSiMIIZcuVMbt4AaABAg,True
@LeadingWorshiper,ㅎㅎ 제2의 송강호,2025-06-12T14:58:27Z,2,,UgweQJzSiMIIZcuVMbt4AaABAg,True
@냠냠-o4r,​@실비아-p6s그 치킨 먹는 씬보다가 치킨 먹고 싶어져서 영화 끝나고 치킨 먹으러 간 저랍니다...,2025-06-15T14:49:29Z,3,,UgweQJzSiMIIZcuVMbt4AaABAg,True
@zbxlek,아니.. 박진영 뭐야? 신구할아버지 완전 흡수했네🫢👍 개봉하면 바로 보러가야겠네,2025-05-27T05:53:13Z,474,3.0,,False
@성이름-x9h,박진영뭐긴 jyp지,2025-05-30T17:16:36Z,4,,Ugw09sVIOzBH5FWU0Nl4AaABAg,True
@이채은-t3v,네 목소리도 신구님 비슷하게 내요 ㅋㅋㅋㅋㅋㅋ 연기 짱잘함,2025-06-03T09:01:10Z,9,,Ugw09sVIOzBH5FWU0Nl4AaABAg,True
@LeadingWorshiper,좋았어  😊,2025-06-12T15:03:26Z,0,,Ugw09sVIOzBH5FWU0Nl4AaABAg,True
@lcmpark,"<a href=""https://www.youtube.com/watch?v=oYCMSk3U6C4&amp;t=618"">10:18</a> 진영 속에 들어간 신구 선생님",2025-06-13T15:45:02Z,111,0.0,,False
@악플러1818,"<a href=""https://www.youtube.com/watch?v=oYCMSk3U6C4&amp;t=454"">7:34</a> 하세요 그냥 안 부르면 되니까.. ㅋㅋㅋㅋㅋㅋㅋㅋ 정봉아 느그 엄마얔ㅋㅋㅋㅋㅋㅋㅋㅋㅋㅋㅋㅋㅋㅋㅋㅋㅋㅋ",2025-05-25T09:12:18Z,165,1.0,,False
@LeadingWorshiper,ㅋㅋ 아 그랬네,2025-06-12T15:09:07Z,1,,Ugws02Z72SWkOXsHUf94AaABAg,True
@my6818,"<a href=""https://www.youtube.com/watch?v=oYCMSk3U6C4&amp;t=52"">0:52</a> 남자 츤데레네...먼저 머리로 다 부숴버리네",2025-05-29T05:41:38Z,377,3.0,,False
@minchoishi,ㅋㅋㅋㅋㅋㅋ 개웃기네,2025-06-01T01:42:09Z,10,,UgzdejOKSWRIZkMV5Vd4AaABAg,True
@6시-네고왕1,그러네 ㅋㅋㅋㅋㅋ,2025-06-03T05:38:14Z,5,,UgzdejOKSWRIZkMV5Vd4AaABAg,True
@LeadingWorshiper,ㅎㅎ,2025-06-12T15:03:54Z,0,,UgzdejOKSWRIZkMV5Vd4AaABAg,True
@932컴퍼니,이거는 후속으로 넷플에서 시리즈로 만들면 아주 좋을듯...<br>무빙처럼 세계관 확장할 필요가 <br>있슴.,2025-07-12T11:07:41Z,30,0.0,,False
@창천-q7q,ㅎㅎㅎ 박진영이 신구 선생님의 말투로 성대모사 하니까 분위기가 상당히 재밌네..... 영화 대사 중에 박진영이 &quot;니들이 X맛을 알아?&quot;라는 대사가 나오면 정말 폭소가 터질 듯 합니다,2025-05-27T06:32:05Z,59,0.0,,False
@yooneeseo,"<a href=""https://www.youtube.com/watch?v=oYCMSk3U6C4&amp;t=623"">10:23</a> 진영 말투 신구선생님인줄 ㄷㄷ",2025-05-25T03:57:29Z,656,5.0,,False
@dkcgch,신구선생님 성대모사 ㅋㅋㅋ,2025-05-25T07:56:07Z,13,,UgyXEF7l1Vsp5x4Oacx4AaABAg,True
@킨더쵸코,니들이 게맛을 알아?,2025-05-25T09:05:11Z,4,,UgyXEF7l1Vsp5x4Oacx4AaABAg,True
@TV-ge5hg,신구잖아 바보,2025-05-26T07:01:39Z,4,,UgyXEF7l1Vsp5x4Oacx4AaABAg,True
@tipsar6179,​@TV-ge5hg아니... 어휴 됐다,2025-06-05T13:31:17Z,1,,UgyXEF7l1Vsp5x4Oacx4AaABAg,True
@LeadingWorshiper,진짜 대단,2025-06-12T15:09:56Z,0,,UgyXEF7l1Vsp5x4Oacx4AaABAg,True
@Barabodaramu,"<a href=""https://www.youtube.com/watch?v=oYCMSk3U6C4&amp;t=727"">12:07</a> 내 웃음벨ㅋㅋㅋㅋ 후레시걸로 소개했으나 자연스럽게 탱크걸롴ㅋㅋㅋㅋ",2025-05-31T16:27:12Z,56,1.0,,False
@NT-ci4do,그런데 후레시 걸 특기는 뭔가요?,2026-04-13T23:46:08Z,0,,UgzWkNF4TsVcrh3J4Lt4AaABAg,True
@YeonBy,아니 사이비 교주 연기 미쳤네 ㅋㅋㅋㅋㅋㅋ 신구 흡수한거냐 ㅋㅋㅋ 개똑같네 ㅋㅋㅋㅋㅋㅋㅋㅋㅋㅋㅋㅋㅋㅋㅋ,2025-05-25T15:04:11Z,35,0.0,,False
@겨울바람눈물,"<a href=""https://www.youtube.com/watch?v=oYCMSk3U6C4&amp;t=740"">12:20</a> 잘생기면 오빠 ㅋㅋㅋㅋㅋㅋㅋㅋㅋ",2025-05-25T23:51:04Z,384,3.0,,False
@야뎡_많음_냬챼녈_C6P2pX,"<a href=""https://www.youtube.com/watch?v=oYCMSk3U6C4&amp;t=333"">5:33</a> 와, 진짜 이 연기 진심 최고야! 안재홍이 짱이네 ㅋㅋㅋ",2025-05-31T03:43:29Z,5,,UgwQuyKJ_SbAoOutlSd4AaABAg,True
@6시-네고왕1,​@야뎡_많음_냬챼녈_C6P2pX지랄라났네 지랄랄라,2025-06-03T05:37:26Z,0,,UgwQuyKJ_SbAoOutlSd4AaABAg,True
@LeadingWorshiper,ㅎㅎ 재인이 연기 👍,2025-06-12T15:07:19Z,1,,UgwQuyKJ_SbAoOutlSd4AaABAg,True
@user-ws8gr8ul7i,오늘 보고왔는데 볼거면 극장가서 봐야 됨 음악 선정이랑 사운드가 미침,2025-05-31T14:11:11Z,237,4.0,,False
@뚜뚜-h9r,맞아요 😂😂😊😊,2025-06-08T13:52:11Z,2,,UgydUw0O4Uc1dx6Ud9d4AaABAg,True
@LeadingWorshiper,👍,2025-06-12T14:57:57Z,2,,UgydUw0O4Uc1dx6Ud9d4AaABAg,True
@kimsungeun460,맞아요,2025-06-17T05:27:05Z,2,,UgydUw0O4Uc1dx6Ud9d4AaABAg,True
@user-hyWooSeok,음악 선정 최고였죠,2025-06-18T12:44:52Z,0,,UgydUw0O4Uc1dx6Ud9d4AaABAg,True
@youme4155,와..진영배우 ..신구 선생님 목소리 연기 좋네요 👍,2025-05-25T12:53:32Z,360,0.0,,False
@john2480cho,"<a href=""https://www.youtube.com/watch?v=oYCMSk3U6C4&amp;t=257"">4:17</a> 정봉아~ 엄마한테 팩폭은 쫌~~",2025-05-25T04:14:39Z,309,5.0,,False
@SEPI_KM,응답하라 모자가 다시 만났다해서 드라마일줄 알았는데 이 영화인가 보네요,2025-05-25T06:25:59Z,12,,Ugxa21q6G8AqEbvIbc94AaABAg,True
@SHY0311,이야 글고 보니 모자 출연이었네요 오래되서 잊고 있었네,2025-05-25T19:57:33Z,10,,Ugxa21q6G8AqEbvIbc94AaABAg,True
@스윗피쉰,이때는 엄마가 아니죠,2025-05-27T04:09:07Z,0,,Ugxa21q6G8AqEbvIbc94AaABAg,True
@john2480cho,@스윗피쉰 개그를 다큐로 받는 당신은 T?,2025-05-27T08:07:11Z,4,,Ugxa21q6G8AqEbvIbc94AaABAg,True
@LeadingWorshiper,저도 잊고 있었,2025-06-12T15:10:56Z,0,,Ugxa21q6G8AqEbvIbc94AaABAg,True
@bongye080,"<a href=""https://www.youtube.com/watch?v=oYCMSk3U6C4&amp;t=804"">13:24</a> 바람 불때마다 침날리는게..어우...",2025-06-03T14:11:32Z,33,0.0,,False
@국립시카고대자연사박,"<a href=""https://www.youtube.com/watch?v=oYCMSk3U6C4&amp;t=321"">5:21</a> 그냥 보다가 여기서 뿜었다. 꼭 봐야겠다는 강렬한 확신이 들었다.",2025-05-25T08:56:59Z,570,8.0,,False
@ldh31-h5t,여기서 더 확실히.. 지성의 초라한 초능력보다는 어떤 자세에서도 흐트러짐이 없는 완서의 리코더 연주가 더 돋보이는 것 같은데요?ㅋㅋ,2025-05-25T20:32:00Z,28,,UgxjKiyjXLfyusc8wmR4AaABAg,True
@yk47-q5v,나도 여기서,2025-05-26T02:32:15Z,10,,UgxjKiyjXLfyusc8wmR4AaABAg,True
@nuabyss1475,감독님이 웃음 포인트를 아주 잘 알아.. ㅋㅋㅋ,2025-05-26T04:33:13Z,19,,UgxjKiyjXLfyusc8wmR4AaABAg,True
@김삿갓-69,나도 웬만하면 안 웃는데 여기서 터짐 ㅋㅋㅋ,2025-05-26T11:07:46Z,14,,UgxjKiyjXLfyusc8wmR4AaABAg,True
@두메산골-o6h,재밌을거 같긴한데 보면볼수록 주성치가 떠오르네 ㅋㅋㅋㅋㅋㅋㅋㅋㅋ,2025-05-27T10:05:47Z,5,,UgxjKiyjXLfyusc8wmR4AaABAg,True
@국립시카고대자연사박,​@두메산골-o6h 그냥 대놓고 따라한 듯...,2025-05-27T10:13:12Z,2,,UgxjKiyjXLfyusc8wmR4AaABAg,True
@LeadingWorshiper,치트키  장면 ㅎ,2025-06-12T15:07:59Z,1,,UgxjKiyjXLfyusc8wmR4AaABAg,True
@LeadingWorshiper,​@국립시카고대자연사박따라하는 것도 능력,2025-06-12T15:08:35Z,0,,UgxjKiyjXLfyusc8wmR4AaABAg,True
@hellonyoungyo,"<a href=""https://www.youtube.com/watch?v=oYCMSk3U6C4&amp;t=586"">09:46</a> 신구선생님 삼키셨어😂😂😂",2025-05-25T08:25:12Z,559,0.0,,False
@Yeonzzn_10,이거 보는데 너무 내 취향 코믹이라 좋았음.. 또 보고싶어짐 진짜 ㅜㅜ 그리고 연기도 다들 너무 잘하시고 진영님이 너무 잘생겼어요..ㅜㅜ 진짜 이건 봐야됨 진짜 꼭,2025-06-12T13:34:01Z,32,0.0,,False
@silverseung3928,와이씨 개인적으로 이런 영화 너무 좋아요,2025-05-25T15:07:31Z,704,3.0,,False
@kingstock7414,와이씨<br><br>좋은 종목이죠. 유리기판 관련주였나?,2025-05-28T00:13:16Z,1,,UgxzH4k6tyxDoyCuqKZ4AaABAg,True
@실비아-p6s,결말이 좀 아쉽긴했음...,2025-05-28T11:29:48Z,0,,UgxzH4k6tyxDoyCuqKZ4AaABAg,True
@골드-j3t,영화 처음에 나온 초능력자 정체 안 나왔음,2025-06-13T01:52:02Z,1,,UgxzH4k6tyxDoyCuqKZ4AaABAg,True
@찐-i6g,품행제로 + 아라한장풍대작전+화산고까지 겸비한 아주 좋아하는 B급 감성의 영화  ~~~~,2025-05-25T03:03:09Z,285,5.0,,False
@뽀가,쿵푸허슬 추가요~,2025-05-25T10:28:46Z,6,,Ugw8urXJDle7k2BwCah4AaABAg,True
@yurichoe5324,맞아!! 아라한장풍대작전!!!!! 그 기운이 스멀스멀 풍기던데요ㅎㅎㅎㅎㅎ,2025-05-25T11:02:55Z,2,,Ugw8urXJDle7k2BwCah4AaABAg,True
@Ggaemu,저도 아라한 생각했는데 ㅋㅋㅋ,2025-05-25T12:34:17Z,1,,Ugw8urXJDle7k2BwCah4AaABAg,True
@쇳치,난 무빙 ㅋㅋ,2025-06-01T00:45:40Z,2,,Ugw8urXJDle7k2BwCah4AaABAg,True
@LeadingWorshiper,크. 화산고 띵작 이지요,2025-06-12T15:11:14Z,1,,Ugw8urXJDle7k2BwCah4AaABAg,True
@lsddd12,"<a href=""https://www.youtube.com/watch?v=oYCMSk3U6C4&amp;t=590"">09:50</a> 존잘",2025-06-14T09:34:07Z,21,0.0,,False
@돼지쓰리,"<a href=""https://www.youtube.com/watch?v=oYCMSk3U6C4&amp;t=571"">9:31</a> 아 난 아게 웃기네 ㅋㅋㅋㅋㅋ",2025-05-25T07:49:06Z,57,0.0,,False
@ryomayam,"<a href=""https://www.youtube.com/watch?v=oYCMSk3U6C4&amp;t=324"">5:24</a> 아 여주 캐릭터 주성치영화갬성 속 캐릭터처럼 좋고 안재홍👍👍👍만이 가능한 진지코믹연기.. <a href=""https://www.youtube.com/watch?v=oYCMSk3U6C4&amp;t=347"">5:47</a> 한번 더~~!",2025-05-26T07:23:09Z,210,5.0,,False
@I9야뎡Jh풀버전W6,"와, 진짜 오랜만에 나한테 맞는 영화네! 너무 기대된다!",2025-05-29T10:13:20Z,3,,Ugy3_VB3G4Bcg6-uJuR4AaABAg,True
@쒜리베리,저도 같은 생각했음 ㅋㅋㅋ 보는 내내 쿵푸허슬 같이 대놓고 이건 CG이지만 최대한 창의적이게 액션감 넘치게 보여줄게! 하는 것이 너무 좋았음,2025-05-31T15:51:20Z,7,,Ugy3_VB3G4Bcg6-uJuR4AaABAg,True
@ryomayam,@쒜리베리쿵푸허슬ㅋㅋㅋ👍👍👍,2025-05-31T15:55:48Z,4,,Ugy3_VB3G4Bcg6-uJuR4AaABAg,True
@lllklkkkk,안재홍이 비호감으로 나옴 안재홍,2025-06-06T13:28:46Z,1,,Ugy3_VB3G4Bcg6-uJuR4AaABAg,True
@LeadingWorshiper,ㅋㅋ ㅋ 명 장면 이죠,2025-06-12T15:05:01Z,0,,Ugy3_VB3G4Bcg6-uJuR4AaABAg,True
@bonni-wsh,"<a href=""https://www.youtube.com/watch?v=oYCMSk3U6C4&amp;t=590"">9:50</a> 진짜 존나 잘생겼다",2025-06-02T16:11:01Z,10,0.0,,False
@썸머-o5i,"<a href=""https://www.youtube.com/watch?v=oYCMSk3U6C4&amp;t=695"">11:35</a> 나인걸 ~~ 외치고 후레시걸과 탱크보이 등장이 개웃기네 ㅋㅋㅋㅋㅋㅋㅋ",2025-05-25T03:40:53Z,270,2.0,,False
@스윗피쉰,잘생긴면 오빠 <br>못생긴면 아저씨ㅎ,2025-05-27T04:18:40Z,3,,Ugyd0bIZCo2Q2jotZ4Z4AaABAg,True
@LeadingWorshiper,영화 보셔요,2025-06-12T15:09:38Z,0,,Ugyd0bIZCo2Q2jotZ4Z4AaABAg,True
@박찬재-h3d,신구선생님이랑 말투 씽크로 개지리네 ㅋㅋ,2025-06-04T14:57:29Z,9,0.0,,False
@lucky_strike93,"<a href=""https://www.youtube.com/watch?v=oYCMSk3U6C4&amp;t=32"">0:32</a> 갑자기 확치고 들어오네 ㅋㅋㅋㅋㅋㅋㅋㅋㅋㅋㅋㅋㅋ",2025-05-25T03:40:49Z,322,0.0,,False
@비대칭전력,진짜 간만에 내스타일 영화,2025-05-25T06:54:47Z,424,4.0,,False
@엔셀라두스-u4x,주성치 좋아하실듯 ㅎ,2025-05-25T13:39:15Z,4,,UgyPowGm4TV-75BpYm54AaABAg,True
@beyond_1119,ㅋㅋ 저도 제스탈~ 주성치 매우 좋아함 ㅋㅋㅋ,2025-05-27T06:58:59Z,1,,UgyPowGm4TV-75BpYm54AaABAg,True
@xj6813,맞네 주성치 스타일~~ 넘좋아,2025-05-27T21:39:22Z,1,,UgyPowGm4TV-75BpYm54AaABAg,True
@LeadingWorshiper,같은 스타일이 넘 많은데요  😅,2025-06-12T15:05:58Z,0,,UgyPowGm4TV-75BpYm54AaABAg,True
@AKA-x5x,이거 진짜 jon나 재밌음ㅋㅋㅋㅋㅋ 액션이면 액션 개그면 개그 존잼 그 자체 ㄹㅇ 배우 연기도 좋았고 중간중간에 밈 같은거 끼워넣은게 나같은 어린애들 입장에서는 더 재밌게 다가왔던거 같음 요즘 영화 재미없다 하시는 분들한테도 이건 꼭 보라고 추천해주고 싶음,2025-06-15T13:08:30Z,8,0.0,,False
@ejyou5135,이재인배우는 어느역할을 해도 찰떡이네~ 능청까지 되는.. 연기력 만랩!,2025-05-25T02:40:03Z,221,0.0,,False
@눕는건내가할게,"<a href=""https://www.youtube.com/watch?v=oYCMSk3U6C4&amp;t=4"">0:04</a> 여기서부터 대사재질 개웃김ㅋㅋㅋㅋㅋㅋㅋㅋㅋㅋㅋㅋㅋㅋㅋ",2025-05-25T13:20:56Z,140,0.0,,False
@user-uo9lo2wl2u,"<a href=""https://www.youtube.com/watch?v=oYCMSk3U6C4&amp;t=656"">10:56</a> 완서 넘 귀여움❤",2025-06-05T05:05:35Z,10,0.0,,False
@twoloved,신구 성대모사 잘하네 ㅋㅋ,2025-05-25T02:55:28Z,286,1.0,,False
@그아아아악-c2x,니들이 게 맛을 알어? 신구,2025-05-28T01:09:41Z,0,,Ugw9mCR_IEDh_giUirx4AaABAg,True
@MJ-eu8vc,"<a href=""https://www.youtube.com/watch?v=oYCMSk3U6C4&amp;t=150"">2:30</a> 아이시떼루!!!!!! ㅋㅋㅋㅋㅋㅋㅋㅋ",2025-05-28T09:00:19Z,44,0.0,,False
@SM-cu2fg,ㅋㅋ 전혀 유치하지 아니하고 지루하지도 않고 가족들끼리 극장에서 재밌게 봤습니다😊😊,2025-06-02T09:54:59Z,42,4.0,,False
@Gunnandglo,👍👍👍,2025-06-06T13:44:41Z,1,,UgyV-CZUhzIociz0f7x4AaABAg,True
@LeadingWorshiper,오.  가족들이 열린 순수 이신듯요,2025-06-12T15:06:29Z,1,,UgyV-CZUhzIociz0f7x4AaABAg,True
@LeadingWorshiper,아니하고 ~  말투 귀여우심 ㅋ,2025-06-12T15:06:51Z,2,,UgyV-CZUhzIociz0f7x4AaABAg,True
@ILike2360,수준이 많이 낮은 가족인가봐여 ㅋㅋ,2025-06-14T01:11:54Z,0,,UgyV-CZUhzIociz0f7x4AaABAg,True
@kkw4825,"<a href=""https://www.youtube.com/watch?v=oYCMSk3U6C4&amp;t=381"">06:21</a> 이거 방탄유리야 빵터지네 ㅋㅋㅋ",2025-05-25T12:45:46Z,33,0.0,,False
@omy-h5h,신구선생님<br>선한이미지에서 악역도 하시니<br>열정이 대단합니다,2025-05-28T08:12:59Z,67,1.0,,False
@jameshur7539,해빙보면 지림,2025-05-30T03:03:22Z,1,,UgwZlo33UfEcAjxciK94AaABAg,True
@비야-f5b,유아인은 90년대 김성재 느낌나더라 박진영 미모 미쳤고 신구쌤 목소리 느낌에 개놀람,2025-06-01T18:19:42Z,4,0.0,,False
@_firstlove,저 여주랑 진영이 어제 티비엔 미지의서울이란 드라마에도 같이 나오던데<br>미지의 서울도 재미나던데 ㅋㅋㅋㅋㅋ,2025-05-25T18:58:06Z,13,0.0,,False
@와따시와치와와다,"<a href=""https://www.youtube.com/watch?v=oYCMSk3U6C4&amp;t=784"">13:04</a>  콤보 지렸당.  띄우고 잡고 날리고",2025-05-25T09:36:13Z,94,1.0,,False
@Park_Cheolmin,ㄹㅇ 철권인줄ㅋㅋ,2025-05-27T05:48:14Z,3,,UgwQt6FIb5Y2bBWx2n94AaABAg,True
@hoony,명연기자들의 연기향연이네요,2025-06-04T01:05:32Z,14,0.0,,False
@캐시폭스,와 간만에 빵터졌네<br>그나저나 교주할배 이길수 있는거임?,2025-05-25T04:27:37Z,73,0.0,,False
@lovely_rudens,"<a href=""https://www.youtube.com/watch?v=oYCMSk3U6C4&amp;t=590"">09:50</a> 아...ㅃ.. 아니 오빠.!!!ㅋㅋㅋㅋㅋㅋㅋㅋㅋㅋㅋㅋㅋ",2025-05-27T15:00:09Z,14,0.0,,False
@SK-eg2ot,이거 25년 1위맞을것같다.. 오랜만에 어릴때 액션만화 봤을때에 동심을 나이먹고 느꼈다.,2025-06-03T01:33:51Z,4,0.0,,False
@12EZS-devidevil,원격 리코더는 생각도 못했네 ㅋㅋㅋㅋㅋㅋㅋㅋㅋㅋㅋ,2025-05-25T03:10:01Z,33,0.0,,False
@pogba0806,한국판 쿵푸허슬인가? 잼있어 보이네,2025-05-25T01:17:22Z,316,26.0,,False
@띵뷰v,ㅋㅋㅋㅋㅋ😂,2025-05-25T11:29:06Z,0,,UgyoKpxVg4RB-vPLW0l4AaABAg,True
@Korea-kb5qf,쿵푸 나오지도 않는데 ㅋㅋㅋㅋ 뭔 중국풍을 들이대시나  ㅋㅋㅋ,2025-05-25T12:51:16Z,0,,UgyoKpxVg4RB-vPLW0l4AaABAg,True
@jjjjjjjjjjung,cg가 쿵푸허슬 느낌이야. 근데 쿵푸허슬은 대놓고 b급 영화라 cg도 b급 느낌 나서 오히려 자연스러웠는데 이건 어떨지 궁금하네.,2025-05-25T13:35:46Z,3,,UgyoKpxVg4RB-vPLW0l4AaABAg,True
@Korea-kb5qf,​@jjjjjjjjjjung 저런 느낌이면 다 중국의 쿵푸허슬? ㅋㅋㅋ 뭐 초상권이라도 있나요? ㅋㅋㅋ,2025-05-25T14:22:59Z,0,,UgyoKpxVg4RB-vPLW0l4AaABAg,True
@you_is_love_i,"​@Korea-kb5qf과장된 액션, 코믹 스러운거 보면 비슷하긴한데",2025-05-25T18:02:50Z,1,,UgyoKpxVg4RB-vPLW0l4AaABAg,True
@you_is_love_i,"​​@Korea-kb5qf<a href=""https://www.youtube.com/watch?v=oYCMSk3U6C4&amp;t=836"">13:56</a> 보면 유튜버님도 쿵푸허슬 같다고 하심",2025-05-25T18:04:02Z,0,,UgyoKpxVg4RB-vPLW0l4AaABAg,True
@kim-mj3hv,​@Korea-kb5qf난독증인가 ...,2025-05-25T19:50:49Z,0,,UgyoKpxVg4RB-vPLW0l4AaABAg,True
@삼겹살-b3y8e,잼이 어디있어 딸기잼인가,2025-05-25T21:59:54Z,0,,UgyoKpxVg4RB-vPLW0l4AaABAg,True
@wlsk0324,​@Korea-kb5qf초상권 ㅇㅈㄹㅋㅋㅋㅋㅋㅋㅋㅋㅋ 초상권이 뭔지는 아냐?,2025-05-25T22:43:17Z,0,,UgyoKpxVg4RB-vPLW0l4AaABAg,True
@Korea-kb5qf,​@user-wlsk0324 반말에 수준이 보이네 ㅋㅋㅋㅋㅋ,2025-05-25T22:50:23Z,1,,UgyoKpxVg4RB-vPLW0l4AaABAg,True
@user-wf9mj9ni7k,@Korea-kb5qf예시로 쿵푸허슬을 들은거뿐이고 짭이라고 한적도없고 cg가 그느낌이랑 비슷하다고 한건데 뭐가문제임?,2025-05-26T05:55:47Z,1,,UgyoKpxVg4RB-vPLW0l4AaABAg,True
@Korea-kb5qf,​@user-wf9mj9ni7k  한영이고 태권도가 나오는데 쿵푸거려서요 왜요? ㅋㅋㅋㅋ,2025-05-26T11:00:39Z,0,,UgyoKpxVg4RB-vPLW0l4AaABAg,True
@user-wf9mj9ni7k,@Korea-kb5qf그럼 어벤저스가 스파이더맨이랑 cg느낌 비슷하다고 말하는것도 문제인거임?,2025-05-26T11:04:33Z,0,,UgyoKpxVg4RB-vPLW0l4AaABAg,True
@user-wf9mj9ni7k,@Korea-kb5qf그리고 태권도가 나오는게 뭔상관임 그냥 cg처리가 비슷하다고 말한건데,2025-05-26T11:05:16Z,0,,UgyoKpxVg4RB-vPLW0l4AaABAg,True
@Korea-kb5qf,​@user-ej2eo3hy6j그럼 마블영화의 과장된 액션 대사 유머 캐릭터는? ㅋㅋㅋㅋㅋ,2025-05-26T11:06:09Z,0,,UgyoKpxVg4RB-vPLW0l4AaABAg,True
@Korea-kb5qf,​@user-ej2eo3hy6j 그럼 마블 영화의 과장된 액션 대사 유머 캐릭터는? ㅋㅋㅋㅋ,2025-05-26T11:08:57Z,0,,UgyoKpxVg4RB-vPLW0l4AaABAg,True
@Korea-kb5qf,@ 그럼 마블 영화의 과장된 액션 대사 유머 캐릭터는? ㅋㅋㅋㅋ,2025-05-26T11:10:11Z,0,,UgyoKpxVg4RB-vPLW0l4AaABAg,True
@user-wf9mj9ni7k,⁠@Korea-kb5qf뭔말을 하고싶은거임 마블이 dc의 과장된 유머나 액션을 배껴서 문제라고 하고싶은거임? 그렇게만 적어놓으면 뭔말하는지 어캐암,2025-05-26T11:14:19Z,0,,UgyoKpxVg4RB-vPLW0l4AaABAg,True
@user-wf9mj9ni7k,@Korea-kb5qf그리고 cg를 예시로든걸 꼬투리잡은걸 문제삼고있는건데 그게 왜나옴,2025-05-26T11:16:04Z,0,,UgyoKpxVg4RB-vPLW0l4AaABAg,True
@Korea-kb5qf,​@user-wf9mj9ni7k 과장된 액션 코믹 스러우면.... 그게 다 중국쿵푸 스러운 거냐고  묻는건데요? ㅋㅋㅋㅋ,2025-05-26T11:19:59Z,0,,UgyoKpxVg4RB-vPLW0l4AaABAg,True
@user-wf9mj9ni7k,@Korea-kb5qf그건 뭔 개소리임 걍 예시가 쿵푸허슬인거가지고 거기까지 가는게 말이됨? 그논리면 나라별 특색 들어간 영화는 걍 예시로도 들면 안되는건데,2025-05-26T11:23:44Z,0,,UgyoKpxVg4RB-vPLW0l4AaABAg,True
@Korea-kb5qf,​@user-wf9mj9ni7k 왜 이렇게 화가 나셨나?....난 .. 마블영화의 특수 효과 같았는데.... 쿵푸거려서 하는말인데 ㅋㅋㅋㅋ,2025-05-26T11:28:55Z,0,,UgyoKpxVg4RB-vPLW0l4AaABAg,True
@user-wf9mj9ni7k,⁠@Korea-kb5qf그니까 그게 뭔논리임 쿵푸허슬을 cg예시로든게 문제라서 시비조로 글 적어놓은거잖음 위에서 딱히 짭이라고 한것도 아니고<br>본인생각에 cg가 마블쪽이랑 비슷한거면 그냥 그렇게 자기의견을 적으면되지 근데 시비걸면서 말하는건 전혀 다른문제인거고,2025-05-26T11:36:52Z,0,,UgyoKpxVg4RB-vPLW0l4AaABAg,True
@Korea-kb5qf,​@user-wf9mj9ni7k 뭔시비? 다 자기의견 말하는데...,2025-05-26T20:17:18Z,0,,UgyoKpxVg4RB-vPLW0l4AaABAg,True
@lime2839-x3c,마자요.. 한국판 쿵푸허슬,2025-06-02T23:39:52Z,0,,UgyoKpxVg4RB-vPLW0l4AaABAg,True
@LeadingWorshiper,더 깨끗해요 ㅎ,2025-06-12T15:11:52Z,0,,UgyoKpxVg4RB-vPLW0l4AaABAg,True
@arare-q7q,오늘봤는데 생각보다 더 잼있었어요 유아인은 기깔나고 진영? 신구말투 대박이고 . 액션도 시원해요 ㅎㅎㅎ 오랜만에 한국영화 돈안아깝게 봄,2025-05-31T15:06:22Z,11,0.0,,False
@카칸-u8h,출연진부터 분위기 너무 좋음..,2025-05-27T12:30:17Z,16,0.0,,False
@방-y3p,화산고와 아라한 장풍 그 사이인가ㅋㅋㅋㅋㅋㅋㅋ,2025-05-25T01:27:52Z,130,3.0,,False
@찐-i6g,거기다 품행제로까지 ㅋ ㅋ ㅋ ㅋ,2025-05-25T03:00:02Z,13,,UgxgxT9Lsisr3vG0sEZ4AaABAg,True
@non_404a,나도 그 생각,2025-05-25T04:13:11Z,4,,UgxgxT9Lsisr3vG0sEZ4AaABAg,True
@aknal0023,그리고 품행제로!!! ^^,2025-05-27T13:11:23Z,0,,UgxgxT9Lsisr3vG0sEZ4AaABAg,True
@진설-t2h,"<a href=""https://www.youtube.com/watch?v=oYCMSk3U6C4&amp;t=727"">12:07</a> 탱크걸..ㅋㅋㅋㅋㅋㅋ😂😂",2025-06-09T03:47:00Z,4,0.0,,False
@easst7907,"<a href=""https://www.youtube.com/watch?v=oYCMSk3U6C4&amp;t=330"">05:30</a> ㅋㅋㅋㅋㅋㅋㅋㅋㅋㅋㅋ존나웃기네 ㅋㅋㅋㅋㅋㅋㅋㅋㅋㅋ",2025-05-25T01:12:10Z,213,8.0,,False
@minsuchoi5551,내노 커츄뤌 츄뤠이닝,2025-05-25T02:17:57Z,0,,UgxvTnc-pnQBVWHFEHl4AaABAg,True
@77Stariu,여기서 터짐 ㅋㅋ,2025-05-25T02:21:46Z,1,,UgxvTnc-pnQBVWHFEHl4AaABAg,True
@SOO-l8p,진짜 ㄱ참신함ㅋㅋㅋㅋㅋ,2025-05-25T02:42:59Z,1,,UgxvTnc-pnQBVWHFEHl4AaABAg,True
@송민영-q5e,한번더~ ㅋㅋㅋㅋㅋㅋㅋㅋㅋㅋㅋㅋㅋㅋㅋㅋㅋㅋㅋㅋㅋㅋ,2025-05-25T03:19:31Z,0,,UgxvTnc-pnQBVWHFEHl4AaABAg,True
@알렉산더7,씹 ㅌㅋㅋㅋㅋㅋㅋㅋㅋㅋ,2025-05-25T04:22:14Z,0,,UgxvTnc-pnQBVWHFEHl4AaABAg,True
@masterj7413,진짜 개웃겼,2025-05-25T05:31:31Z,0,,UgxvTnc-pnQBVWHFEHl4AaABAg,True
@Sbs22a-r1c,​@냥페리 공감 못하는 건 지능 문제임. 자랑할 게 아님. 모두가 웃는 데 혼자 울상 짓고 있는 상황이 자주 생기면 병원을 가셈;,2025-05-25T09:00:14Z,2,,UgxvTnc-pnQBVWHFEHl4AaABAg,True
@jamesdakrn,ㅋㅋㅋㅋㅋㅋㅋㅋㅋㅋㅋㅋㅋㅋㅋㅋ,2025-05-30T04:46:18Z,0,,UgxvTnc-pnQBVWHFEHl4AaABAg,True
@Mr.Yesterdays,"<a href=""https://www.youtube.com/watch?v=oYCMSk3U6C4&amp;t=802"">13:22</a> ㄹㅇ 근본 그 자체 ㅋㅋㅋㅋㅋㅋ",2025-05-25T03:27:57Z,227,6.0,,False
@serachoi3159,@hunter-2023 어휴.. 맘대로 생각해라. 주성치 오마주 모름?,2025-05-25T06:04:26Z,17,,UgyyazsxbI_YqQj1TEl4AaABAg,True
@jje0000,​@hunter-2023 중국아니고 홍콩영화 오마주임<br>중국자본들어갈리가 없잖아ㅋ<br>니가 아는 중국어하는 영화는<br>99프로가 홍콩영화<br>중국이랑 상관ㄴㄴ,2025-05-25T06:42:28Z,8,,UgyyazsxbI_YqQj1TEl4AaABAg,True
@이응식이,​@hunter-2023월하천추&gt;월하천충은 일본 유명애니 블리츠의 기술명. 이란다 ㅂㅅ아.,2025-05-25T07:26:24Z,0,,UgyyazsxbI_YqQj1TEl4AaABAg,True
@yuridream03,난 블리치 월하천충 생각했는뎈ㅋㅋㅋㅋㅋ,2025-05-28T23:42:28Z,0,,UgyyazsxbI_YqQj1TEl4AaABAg,True
@지져스크라이-h7e,​@jje0000또 중혐 한거잉?ㅋㅋ,2025-05-30T01:52:43Z,0,,UgyyazsxbI_YqQj1TEl4AaABAg,True
@LeadingWorshiper,재미있더이다 😊,2025-06-12T15:13:44Z,0,,UgyyazsxbI_YqQj1TEl4AaABAg,True
@김역배,"<a href=""https://www.youtube.com/watch?v=oYCMSk3U6C4&amp;t=571"">9:31</a> ㅋㅋㅋㅋㅋㅋㅋㅋㅋㅋ",2025-05-25T15:41:49Z,20,0.0,,False
@용용-h4f9y,첫장면 꼬맹이 태권! 넘 귀여운거 아님?😊,2025-05-25T05:22:20Z,43,0.0,,False
@yuki4666,15세 관람가라 중학생인 아이들이랑 같이 보고왔는데 너무 재밌게 보고 왔네요~~,2025-06-01T09:41:58Z,6,0.0,,False
@hyoungju7445,"<a href=""https://www.youtube.com/watch?v=oYCMSk3U6C4&amp;t=503"">8:23</a> ㅋㅋㅋㅋㅋㅋ 큐",2025-05-25T01:35:54Z,63,0.0,,False
@gre-d7c-z5z,"이런거 아주 좋아~~!!!  웃기는 히어로물~~~, 주성치형님을 대신해서 선점하시는것이 ....현명한 판단이십니다.",2025-05-25T02:17:26Z,71,0.0,,False
@인내와감사,월하천추~~~ㅋㅋㅋㅋ 재미있었습니다~ 영상 감사합니다~,2025-05-31T07:28:36Z,12,0.0,,False
@freelife221,"나 이거 무조건 보러갈꺼야,오랜만에 보고싶은 영화가 생겼네",2025-05-25T10:44:37Z,43,1.0,,False
@LeadingWorshiper,보고 오셨어요?,2025-06-12T15:07:41Z,0,,Ugyj3qYBMT0TjkINtH14AaABAg,True
@So간지,"<a href=""https://www.youtube.com/watch?v=oYCMSk3U6C4&amp;t=110"">1:50</a> 푸..품행제로?",2025-05-25T09:44:30Z,12,0.0,,False
@Lily_Kadav,이거 봣는데 갠적으로 너무 재미있었음.... 최고...,2025-06-01T08:05:33Z,9,0.0,,False
@꿀펄센,잼있겠네요 ㅋㅋㅋㅋㅋㅋㅋㅋㅋㅋㅋㅋ,2025-05-25T03:06:21Z,64,0.0,,False
@포스트잇-h7l,이런스타일 너무 좋아ㅋㅋㅋ,2025-05-25T07:46:56Z,22,0.0,,False
@mcssk78,어머님이랑 극장에서 본 마지막 영화네요... 모든병을 치유해주는 초능력이 정말 가지고 싶었는데...😢<br>어머니가 보고 싶네요...,2025-12-14T07:41:55Z,2,0.0,,False
@miwave,극장 가고픈 욕망이 마구 솟아나게 만드네...,2025-05-25T04:46:20Z,13,0.0,,False
@Tyrannosaurusrex0306,대박 유아인은 쏙 빼고 영화소개~,2025-05-25T05:46:53Z,13,0.0,,False
@holyulkim,이게 정말 재밌다구요?<br>보다 졸았는데,2025-08-23T08:18:04Z,3,0.0,,False
@미로슬라프클로재,아라한 이후 이렇게 가슴뛰는 액션영화는 처음인데,2025-05-25T06:34:49Z,29,0.0,,False
@호호돈까스,간만에 기대 완빵가는 영화가 나오네 잠깐 봐도 개웃껴~~ㅋㅋㅋ<br>예고편에서 이렇게 욱낀데..<br>영화 꼭 봐야지 ㅋㅋㅋㅋ,2025-05-25T05:55:59Z,24,0.0,,False
@쓱튜브-q4j,재밌게봤구요 진영 넘 잘생겨서 40대후반에 심장이 바우스바운스했습니다,2025-06-14T07:52:13Z,3,0.0,,False
@쿠숑숑,진영 보러가야지ㅋㅋㅋㅋㅋ 잘생겼당 바비❤꺌꺌,2025-05-26T00:38:33Z,12,0.0,,False
@Urihim,초능력쓰는 장면이나 격투씬은 진짜 대박 잘만들었네ㅎ,2025-05-25T02:11:59Z,22,0.0,,False
@오잉-f3r,이거 기대 안하고 봤는데 재밌게 봄ㅋㅋ<br>올해 한국영화 개봉한것 중에 야당이랑 하이파이브 이렇게 두개는 볼만 함,2025-06-01T14:35:06Z,5,0.0,,False
@pinblog1648,예고편 왤케 재밌음 ㅋㅋㅋㅋㅋ,2025-05-25T12:05:09Z,10,0.0,,False
@0508toya,이번 5월 끝자락에 극장갈 마음 생김요<br>오케바리 👌  진행시켜!!!,2025-05-25T03:29:19Z,14,0.0,,False
@성이름-x9g7f,"<a href=""https://www.youtube.com/watch?v=oYCMSk3U6C4&amp;t=595"">9:55</a> 군대 갔다오더니 아주 더 잘생겨졌네",2025-08-11T23:55:36Z,1,0.0,,False
@윈터-n1c,아........ 간만에 극장 함 가보까 ㅋㅋㅋㅋ 잼있겟당,2025-05-25T01:44:41Z,314,10.0,,False
@성난호랑이-s8t,형 그건 아닌거같어,2025-05-25T02:43:14Z,15,,UgySjOahRmXcnuIjUyh4AaABAg,True
@가시리-bu9-z9f-n59,곧 오티티에 풀리니까 가지말고 기다려 ㅋㅋ,2025-05-25T03:38:14Z,17,,UgySjOahRmXcnuIjUyh4AaABAg,True
@CPASSA,1달 안에 ott 나온다 기다려,2025-05-25T04:22:31Z,2,,UgySjOahRmXcnuIjUyh4AaABAg,True
@민택홍36-114,이런걸 봐주니깐 발전이 없는거 대충 역사 인물 하나 찍어서 국뽕영화나 만들지,2025-05-25T04:32:33Z,10,,UgySjOahRmXcnuIjUyh4AaABAg,True
@누군가-n9b,애들이랑 보러 극장 갈래요😊,2025-05-25T04:58:14Z,2,,UgySjOahRmXcnuIjUyh4AaABAg,True
@eidrodaerreadordie,​@민택홍36-114 하겸이 뭐 되는것처럼 얘기하노 ㅋㅋ,2025-05-25T06:55:28Z,10,,UgySjOahRmXcnuIjUyh4AaABAg,True
@쓰리라운드,정신적으로 문제가 심해서 사람 많은데 못 가는 거 아니면 우리 영화관 좀 가서 함 봐주자...<br>이러다가 영화계 사라질까 두렵다 나는...,2025-05-25T09:36:20Z,0,,UgySjOahRmXcnuIjUyh4AaABAg,True
@yoda8333,알바티가 너무난다,2025-05-25T17:53:55Z,1,,UgySjOahRmXcnuIjUyh4AaABAg,True
@LeadingWorshiper,재밌어요  👍,2025-06-12T15:12:20Z,1,,UgySjOahRmXcnuIjUyh4AaABAg,True
@user-hyWooSeok,극장가요 잼나요❤,2025-06-18T12:47:25Z,0,,UgySjOahRmXcnuIjUyh4AaABAg,True
@sugarapp2025,여주 캐스팅 진짜 대박 찰떡~!,2025-05-25T09:51:04Z,7,0.0,,False
@user-chiyeul,어제 보고 왔는데 리뷰영상 보면 70%본거임 ㅋㅋㅋ,2025-06-04T12:46:50Z,2,0.0,,False
@user-yo4om3ol6b,신구 할아버지 건강하게 오래 사세요~,2025-05-27T02:38:09Z,6,0.0,,False
@달에서온심바,오늘 시사회로 보고왔는데 재밌었어요ㅎㅎㅎ극장 안간지도 오래됐고 임산부라 일-집만 반복하다가 기회생겨서 친구랑 다녀왔는데 오랜만에 웃었네용ㅎㅎㅎ<br>사운드 빵빵한 극장에서 보는거 추천드립니당ㅋㅋㅋ!,2025-05-26T14:19:41Z,30,0.0,,False
@user-ajiaji,오늘 보고 왔는데 너무 재밌었어요 ㅋㅋㅋ 최애 도경수가 잠깐 언급되서 더 재밌었던ㅋㅋㅋㅋ 글구 정봉이 넘 웃겨요 ㅋㅋ 저 극중 오빠는 연기도 잘하고 진짜 잘생겼어요~~~~,2025-05-31T13:59:21Z,7,0.0,,False
@프레타포르떼-d9j,간만에 보고 싶은 영화가 생김,2025-05-25T09:05:37Z,8,0.0,,False
@leechch9223,안재홍 개웃기네 ㅋㅋㅋㅋ,2025-05-25T02:41:11Z,8,0.0,,False
@DDakong,요즘 이런 영화가 좋더라 심각하지 않게 연인과 관객들과 즐겁게 웃을수 있는...,2025-08-23T07:18:53Z,1,0.0,,False
@이게뉴스지,헐...간만에 극장에서 볼만한게 나온듯..😄,2025-05-27T06:04:56Z,15,0.0,,False
@ibflex8456,극장함 가야겟네 ㅋㅋ 내스탈임<br>개졸잼일듯,2025-05-25T02:48:16Z,12,0.0,,False
@SoojinYang-j8u,미지의 서울 보고 왔는데 미지랑 호수 여기있네;;,2025-06-01T06:19:21Z,3,0.0,,False
@Jinung_Jo,진짜 간만에 재밌는 한국영화한편 떴구나,2025-05-25T11:24:17Z,6,0.0,,False
@음바코,"<a href=""https://www.youtube.com/watch?v=oYCMSk3U6C4&amp;t=36"">0:36</a> 화산고, 아라한 장풍 대작전 느낌인뎈ㅋㅋ",2025-05-25T09:24:12Z,20,1.0,,False
@koreansMANsei,훨 나음.비교불문,2025-06-04T20:47:12Z,0,,UgzJEfOdPc2uFGyq8i14AaABAg,True
@jung_ku_gi,시사회로 개봉전날 보고왔는데 진짜 졸잼이요ㅠㅠㅠㅠ 또 볼겁니다ㅠㅠㅠ,2025-05-31T04:16:10Z,16,0.0,,False
@눈웃음-e5w,요즘 진영 여기저기 활동작 나와서 좋당히히,2025-05-25T01:27:38Z,27,0.0,,False
@Elly-Y7,아라한 장풍 대작전이 떠오르네요,2025-05-25T05:38:04Z,10,0.0,,False
@해이맑음,진짜 재밌게 보고왔어요 ㅋㅋ,2025-05-31T16:23:42Z,4,0.0,,False
@뿌숑뿌숑-p6y,무빙+극한직업+마녀<br>조온나 재밌겠다. 꼭 보러간다,2025-05-25T19:13:53Z,9,0.0,,False
@samdankoko,"<a href=""https://www.youtube.com/watch?v=oYCMSk3U6C4&amp;t=540"">9:00</a> 잭스가 되!!!!ㅋㅋㅋㅋㅋ",2025-05-28T11:33:23Z,4,0.0,,False
@perestohum7153,"<a href=""https://www.youtube.com/watch?v=oYCMSk3U6C4&amp;t=739"">12:19</a>  ㅋㅋㅋ 잘 생겼잖아요 ㅋㅋ 먼가 챙겨 줘야ㅡㅡㅋㅋ",2026-01-11T09:32:29Z,1,0.0,,False
@사람-y1x5q,지무비 1분전 귀하다,2025-05-25T01:02:52Z,12,0.0,,False
@homeros777,함볼까 쉬는날 ㅎㅎ,2025-05-25T02:13:12Z,10,0.0,,False
@야용고냥,이영화 정말 잼있어요 중간중간 b급 유머가 빵빵터져요 ㅋㅋ 스트레스 풀리네요 Cg도 어색하지 않아요,2025-06-01T00:40:55Z,4,0.0,,False
@run.999,가볍고 유쾌한 영화가 너무 없었음<br>올만에 극장에 가서 신나게 웃고 오겠습니다...,2025-05-25T01:49:57Z,17,0.0,,False
@rccartv6080,진짜 이런 가족영화 완전 사랑함 ㅋㅋㅋ,2025-05-27T07:22:18Z,4,0.0,,False
@피자파스타,형. 편집을 왤케 잘해...믿었는데...ㅜㅜ,2025-06-03T12:37:37Z,3,0.0,,False
@monellycoco8675,"<a href=""https://www.youtube.com/watch?v=oYCMSk3U6C4&amp;t=230"">3:50</a> 아니 왜 하필 거기에 ㅋㅋㅋㅋㅋㅋㅋ",2025-05-25T02:11:48Z,188,1.0,,False
@그아아악g,콩팥이라 그런듯,2025-05-28T10:55:18Z,0,,UgyU5WQ6JFtzyWQTL9R4AaABAg,True
@jungkyuchoi2100,아씨 리코더에서 터졌네 ㅋㅋ,2025-05-25T04:39:07Z,142,1.0,,False
@sunyounghwang8441,나 침흘림 ㅋㅋ,2025-05-25T07:33:50Z,3,,Ugygv-ME600FmDUGnj14AaABAg,True
@S_M0921,저 이런 장르 개 좋아함 개취 ㅋㅋㅋㅋㅋㅋㅋ,2025-05-25T10:27:46Z,5,0.0,,False
@happymoon8112,오늘 보고왔는데 취향저격이네요 생각없이 깔깔거리며 보고왔어요,2025-06-07T07:50:53Z,2,0.0,,False
@망구-o8s,웹툰 핑크맨 같은 느낌인가 ㅈㅅ 갓핑크를 잘못 말했네용,2025-05-25T01:11:27Z,532,34.0,,False
@똥냄새향수,나도 이 생각 했다,2025-05-25T02:08:59Z,17,,UgyNbqVbjOynS8xqGFd4AaABAg,True
@정조-0,그러네,2025-05-25T02:18:22Z,2,,UgyNbqVbjOynS8xqGFd4AaABAg,True
@핳말이없눼,너무 대놓고  영화로만들었네,2025-05-25T02:18:50Z,12,,UgyNbqVbjOynS8xqGFd4AaABAg,True
@hong-seokha7392,아.. 이거였네,2025-05-25T02:33:53Z,0,,UgyNbqVbjOynS8xqGFd4AaABAg,True
@007mwr,제시?,2025-05-25T02:37:18Z,1,,UgyNbqVbjOynS8xqGFd4AaABAg,True
@Jun09190,이거 올만이넹,2025-05-25T02:54:07Z,0,,UgyNbqVbjOynS8xqGFd4AaABAg,True
@중인배요,저작권 산거아님 곤란할수도,2025-05-25T02:55:18Z,15,,UgyNbqVbjOynS8xqGFd4AaABAg,True
@피스-b6y,@중인배요ㄹㅇ,2025-05-25T03:13:12Z,2,,UgyNbqVbjOynS8xqGFd4AaABAg,True
@yusk000able,@중인배요나는 당연히 사고하는줄 알앗는데,2025-05-25T03:23:19Z,4,,UgyNbqVbjOynS8xqGFd4AaABAg,True
@muheheheee,와 ㅋㅋㅋ 개추억이네 핑크맨 ㅋㅋ 소재는 개 비슷하긴함,2025-05-25T03:25:08Z,9,,UgyNbqVbjOynS8xqGFd4AaABAg,True
@AkaWoorusa,기네,2025-05-25T03:26:12Z,0,,UgyNbqVbjOynS8xqGFd4AaABAg,True
@I_HAVE_A_PLAN-1911,웹툰 핑크맨이 아니라 제시 핑크맨입니다,2025-05-25T03:26:49Z,1,,UgyNbqVbjOynS8xqGFd4AaABAg,True
@물지옥피트니스,스퍼맨 느낌,2025-05-25T04:03:48Z,2,,UgyNbqVbjOynS8xqGFd4AaABAg,True
@조니워커블루-h3s,그게먼데 십덕아,2025-05-25T04:55:53Z,0,,UgyNbqVbjOynS8xqGFd4AaABAg,True
@강도-f3f,갓핑크 아님?,2025-05-25T04:59:38Z,13,,UgyNbqVbjOynS8xqGFd4AaABAg,True
@잉-z9j,전신발ㄱ,2025-05-25T05:08:11Z,0,,UgyNbqVbjOynS8xqGFd4AaABAg,True
@GIBBOTOLAM,핑크맨 진짜 재밌는데 ㅎㅎㅎ,2025-05-25T05:16:23Z,0,,UgyNbqVbjOynS8xqGFd4AaABAg,True
@illililililiil,갓핑크 개재밌게 봤었는데,2025-05-25T06:39:57Z,1,,UgyNbqVbjOynS8xqGFd4AaABAg,True
@grigryu2v,맞네 갓핑크,2025-05-25T07:38:41Z,1,,UgyNbqVbjOynS8xqGFd4AaABAg,True
@sebyga,갓핑크,2025-05-25T08:39:23Z,0,,UgyNbqVbjOynS8xqGFd4AaABAg,True
@용산어깨너머,추억소환 감사합니다,2025-05-25T08:50:39Z,1,,UgyNbqVbjOynS8xqGFd4AaABAg,True
@루룰놀기채널,보자마자 핑크맨 웹툰 생각암,2025-05-25T09:08:14Z,1,,UgyNbqVbjOynS8xqGFd4AaABAg,True
@큼스포퍼,오?,2025-05-25T10:31:38Z,1,,UgyNbqVbjOynS8xqGFd4AaABAg,True
@꽝남사는쑤안손,갓핑크랑 존똑인데,2025-05-25T11:29:25Z,1,,UgyNbqVbjOynS8xqGFd4AaABAg,True
@xxxxxxx-t7e5i,그냥 표절인데,2025-05-25T11:53:29Z,0,,UgyNbqVbjOynS8xqGFd4AaABAg,True
@돗대내놔,흔한 설정도 아닌데 문제 없는거 맞는건가 갓핑크 작가분들이랑 얘기 된거 아니면 배꼈다고 생각될 정도인데,2025-05-25T11:57:01Z,3,,UgyNbqVbjOynS8xqGFd4AaABAg,True
@도담제곱,제목이 갓핑크인데 핑크맨으로만 기억나네 ㅋㅋㅋ 어쨌든 진짜 제일 중요한 컨셉이 존똑인데 이건 문제삼고 따져봐야한다고 본다. 언젠가 갓핑크 컨셉으로 한국히어로영화가 나오길 바랬던 팬으로서 너무 속상함.,2025-05-25T11:59:50Z,2,,UgyNbqVbjOynS8xqGFd4AaABAg,True
@승철유-u9w,저도,2025-05-25T12:06:05Z,1,,UgyNbqVbjOynS8xqGFd4AaABAg,True
@YSJ207,정자맨이 아닌게 어디야,2025-05-25T13:15:35Z,1,,UgyNbqVbjOynS8xqGFd4AaABAg,True
@찐이-z1k,갓핑크아님?ㅋㅋㅋ,2025-05-25T13:24:02Z,1,,UgyNbqVbjOynS8xqGFd4AaABAg,True
@나웅이-o9f,장기 이식 받은 사람들 찾아다니면서 장기 모아서 강해지는거라면 갓핑크 설정이랑 판박이인데요?,2025-05-25T15:12:13Z,2,,UgyNbqVbjOynS8xqGFd4AaABAg,True
@LeeKi3114,이상신 국중록 갓핑크 표절같다..,2025-05-26T07:31:50Z,2,,UgyNbqVbjOynS8xqGFd4AaABAg,True
@elonmusk7450,샷,2025-05-28T07:44:09Z,1,,UgyNbqVbjOynS8xqGFd4AaABAg,True
@lllllllIIIIIIIIlllIl,@I_HAVE_A_PLAN-1911빗취,2026-01-23T18:16:13Z,0,,UgyNbqVbjOynS8xqGFd4AaABAg,True
@부천안드라,아 간만에 보고 싶은 영화가 나오네요 ㅎ 꼭 봐야지,2025-05-27T05:52:15Z,60,1.0,,False
@LeadingWorshiper,보고 오셨어요?,2025-06-12T15:09:19Z,0,,UgxijepdKtqsPD5DjsN4AaABAg,True
@승호-z8r,하 어제 보고왓습니다 감독님 사랑합니다,2025-05-31T23:41:10Z,3,0.0,,False
@김재용-i6j,요즘 스트레스받는데<br>극장서 봐야겠다,2025-05-25T07:00:53Z,18,0.0,,False
@yhk-v8g,무조건 보러간다~~극한 직업 이후 극장을 가고싶네..<br>천만가자..,2025-05-25T14:23:44Z,48,2.0,,False
@duk6046,100만도 다행인 느낌인데,2025-05-29T20:25:28Z,0,,UgyOOaLFKjuKjCtLHJF4AaABAg,True
@LeadingWorshiper,실속있게 흥행하는 것도 좋지,2025-06-12T15:13:06Z,0,,UgyOOaLFKjuKjCtLHJF4AaABAg,True
@drawer2149,이거 개재밋음 ㅋㅋㅋ 아니 왜 다들 재미없다고 하는거지 난 개재밌게봄,2025-06-01T10:06:37Z,3,0.0,,False
@김종현-d2g6m,꼭보러가야겠다 간맛에  보고싶은 영화가 떴구나 ㅋ,2025-05-25T10:03:34Z,6,0.0,,False
@user-ko8kh6pj9f,이건 꼭 봐야겠는데 ㅋㅋㅋㅋ,2025-05-27T03:42:25Z,8,0.0,,False
@user-vw8mz4qe6u,진짜 재밌슴다 여러분 두번 보세욬ㅋㅋㅋㅋㅋㅋㅋㅋ 거를 타선없이 다 개웃김ㅋㅋㅋㅋㅋㅋㅋㅋㅋ,2025-06-02T15:20:49Z,4,0.0,,False
@준프리맨,토욜날 보러가야 겠다...간만에 잼있는 영화 예상됨,2025-05-27T09:10:36Z,7,0.0,,False
@dope_area,ㅋㅋㅋㅋㅋ진짜 보고싶네 ㅋㅋㅋㅋ 간만에 볼만한 코믹액션영화 나온듯 ㅋㅋㅋㅋㅋ,2025-05-25T15:24:20Z,7,0.0,,False
@koreansMANsei,오늘 봤는데 미친듯이 웃었습니다. 재밌는 오락영화 입니다. 스트레스 푸세요,2025-06-03T18:03:57Z,5,0.0,,False
@곰발-i3t,"<a href=""https://www.youtube.com/watch?v=oYCMSk3U6C4&amp;t=170"">2:50</a> 불어내는 바람뿐 아니라 흡입하는 힘도 쎌듯하네..",2025-05-25T02:32:41Z,84,4.0,,False
@aaa................,흡입했다 내뱉으면 사자후?,2025-05-25T05:11:29Z,0,,Ugxh1A6UQTIoHB75Qhd4AaABAg,True
@mkk2759,게이들이 좋아하겠노,2025-05-25T11:42:24Z,0,,Ugxh1A6UQTIoHB75Qhd4AaABAg,True
@호야-q8l,커비?!,2025-06-01T07:07:51Z,1,,Ugxh1A6UQTIoHB75Qhd4AaABAg,True
@Boziwa_joozie74,흡입하는 힘이 세다고? 비켜봐 시켜볼게……,2025-06-03T00:49:58Z,0,,Ugxh1A6UQTIoHB75Qhd4AaABAg,True
@으하하우헤헤,와이씨 너무좋아!!! 캐릭터도 찰떡 그 잡채  !!!,2025-05-27T09:40:43Z,9,0.0,,False
@Genari10,"<a href=""https://www.youtube.com/watch?v=oYCMSk3U6C4&amp;t=761"">12:41</a> 안 죽었지?<br>ㅋㅋㅋㅋㅋㅋㅋㅋㅋㅋ",2025-06-15T15:01:01Z,2,0.0,,False
@머라구-f1d,리코더 씬에서 대작이라 느꼈다.  꼭 보러 갈거임. ㅋㅋㅋ,2025-05-27T15:02:00Z,5,0.0,,False
@inosens4253,이거 잼밌어 보이는데.... 극장 몇년만에 가봐야 하나...,2025-05-25T06:51:25Z,5,0.0,,False
@geukdaeno4846,오늘 보고왔는데 이재인 진짜 물건임 유아인이랑 이재인 밖에 안보임,2025-05-31T15:17:26Z,2,0.0,,False
@ask2neo,우리가 기다리고 기다렸던 영화스타일이 드디어 나왔구나.,2025-05-25T02:49:37Z,8,0.0,,False
@추노이대길,이거 무조건 본다 ㅋㅋㅋㅋ <br>ㅈㄴ 재미있겠네 ㅋㅋ,2025-05-25T04:48:25Z,10,0.0,,False
@jhl2023,이거 제발 극장가서 보세요 제발 진짜 잼있어요 시간순삭임 미쳤음,2025-06-02T06:12:10Z,2,0.0,,False
@띵뷰v,드디어 극장에서 볼만한 G리는 한국영화 뜬거 같네요😊,2025-05-27T06:11:26Z,6,0.0,,False
@이병철-y6h,영화? 꼭 보러간다!,2025-05-25T03:03:00Z,10,0.0,,False
@eve_75-79,이재인 배우 진작에 떳어야했는데 딜레이돤 이유가 있었군요,2025-06-01T14:59:19Z,1,0.0,,False
@신기한하루,와ㅋㅋㅋㅋㅋ이건 꼭 보러간다ㅋㅋㅋㅋㅋ<br>간만에 재밌는영화 추천 감사드려요!!,2025-05-27T11:18:39Z,15,0.0,,False
@레오7,와 겁나 재밌고 웃기다,2025-05-25T01:23:44Z,17,0.0,,False
@랄랄라-c8r,힐러 퍼블은 국룰인가 ㅋㅋㅋㅋㅋ,2025-06-04T04:46:01Z,1,0.0,,False
@hahahohodiet,너무 기대 됩니다👍,2025-05-25T11:18:55Z,5,0.0,,False
@jjii7636,오 간만에 영화관 땡기네 재밌겠다 😊,2025-05-25T06:10:31Z,8,0.0,,False
@Miles_Link,오랜만에 뇌비우고 재밌게 볼 수 있는 영화 나왔다.,2025-05-25T15:25:56Z,4,0.0,,False
@안녕하세요도람뿝니다,ㅈㄴ 내스타일 감성이네 ㅋㅋㅋ,2025-05-25T03:57:27Z,5,0.0,,False
@또르륵-e5e,나만 괴로웠나 진짜 도저히 못보겠더라,2025-07-27T18:59:16Z,6,3.0,,False
@DEL_-kk1cy,내가 살면서 본 최악의 영화 top3안에 드는데<br>재밌다는 사람들 보면 이해가 안 되더라<br>개짜치는 장면에 유치하고 내가 10년만 어렷으면 재밌긴 했을듯,2025-08-06T05:02:50Z,4,,UgwMpwePJ2wy2wJqOV94AaABAg,True
@TaekiKang,전 사기영상과 댓글에 속은거 빡쳐서 지금도 찾아옵니다,2025-09-09T17:09:12Z,0,,UgwMpwePJ2wy2wJqOV94AaABAg,True
@최상윤-s4y,일본c급영화같음..ㅋㅋ,2025-10-09T11:03:28Z,0,,UgwMpwePJ2wy2wJqOV94AaABAg,True
@midongmimi,내취향이야 ㅋㅇㅋ 간만에 극장가야겠ㄷㄱㆍ,2025-05-25T08:29:06Z,7,0.0,,False
@몽클라르,간만에 극장 가보고 싶은 영화네 ㅋㅋ,2025-05-25T13:06:59Z,4,0.0,,False
@youngkikwon4301,오늘 보고 왔는데 너무 재밌었습니다. 소림축구+쿵푸허슬 느낌도 있었고요. 유머코드가 너무 저랑 잘 맞았어요. ㅋㅋ,2025-06-01T09:29:44Z,22,1.0,,False
@LeadingWorshiper,저는 좋게 봤는데 동일한 댓글이 많아서<br>오랫만에 기쁘다 😊,2025-06-12T15:08:51Z,1,,UgyL2UdZD8jPT_O9vLh4AaABAg,True
@goodguykim9367,개꿀 잼날 듯 간만에 영화관 고고,2025-05-25T07:30:13Z,5,0.0,,False
@jh-jt3bm,와~~미치겠다 간만에. 영화보러 출동!!!!,2025-05-25T14:12:06Z,5,0.0,,False
@한도한-z5d,이거 CG티가 ㅈㄴ ㅈㄴ 많이 들어갔는데 그래서 더 웃기고 재밌음ㅋㅋ CG ㅈㄴ 많네ㅋㅋ,2025-06-05T21:11:45Z,3,0.0,,False
@후야-r4p,와 이거 엄청 재미있겠네요 ㅋㅋ 무조건 보러 가야겠습니다,2025-05-25T01:54:25Z,37,0.0,,False
@jinsookang6267,오우~~~. 기대할께요,2025-05-25T14:04:25Z,5,0.0,,False
@masterpiece-JY,유아인 등장할때 john나 간지 남ㅋㅋㅋㅋ,2025-06-01T02:56:18Z,2,0.0,,False
@슈슈x,이런거 너무 좋음,2025-05-25T02:34:44Z,8,0.0,,False
@Vegas_mom,완전 기대되네요,2025-05-25T22:04:00Z,5,0.0,,False
@김용현-c3j,오늘 재밌게 보고 왔는데 예고편이 거의 8할입니다,2025-06-05T14:26:11Z,2,0.0,,False
@63xxamg8,탱크걸 미란누님 연기는 역시 👍,2025-05-25T07:35:37Z,14,1.0,,False
@나의과거-c6c,야!! ? 말은 바로하자 후레쉬보이라고! 쯕!,2025-05-25T08:05:57Z,1,,UgxhV5kklBeCizDCksB4AaABAg,True
@김옥진-g8x,이 동영상보고 오늘 영화보고왔습니다 너무 너무 재미있고 오랜만에 실컷웃고 왔습니다,2025-05-31T12:43:12Z,2,0.0,,False
@오늘만사는좀비,무빙 맞네....,2025-05-25T01:13:58Z,86,2.0,,False
@andylee4167,넌 비슷하면 다 무빙이냐?,2025-05-25T07:56:45Z,0,,UgzeyPYmd6dgBXjJ1954AaABAg,True
@user-yt7mv1jgxo2y,무빙보다 이게 훨씬 먼저 찍음 ㅋㅋㅋㅋㅋㅋ,2025-05-28T09:20:58Z,4,,UgzeyPYmd6dgBXjJ1954AaABAg,True
@런어웨이-q1q,오우 재미있네 나 이런거 좋아~~ 오래전 화산고 느낌이 나서 아주 좋네요,2025-05-25T03:02:45Z,5,0.0,,False
@김윤숙-m4i,나만 이거 경이로운 소문처럼 느껴지나?,2025-05-31T04:51:50Z,1,0.0,,False
@younghoonkim9199,이거 꼭 봐야 할듯~,2025-05-27T07:33:33Z,4,0.0,,False
@석구-m9z,와 오랜만에 기대되는 영화가 나오네 ㅋㅋㅋ,2025-05-25T06:39:12Z,6,0.0,,False
@티핑포인트-m3g,아무 정보없이 봤는데...  최근 몇년동안 본것중에 제일 재미있었음,2025-06-01T11:58:45Z,2,0.0,,False
@이럴려구나만나니9799,아놔~<br>올만에 영화 보면서 웃었다.,2025-05-25T02:21:29Z,8,0.0,,False
@prine88,아 재밌겠당 한번가야할듯,2025-05-25T02:21:32Z,12,0.0,,False
@Hopeplanting,클라이언트가 유아인 부분은 다 덜어내달라고 했나보네.. 영화 보고 난 뒤에는 유아인 캐릭터가 제일 인상 깊음,2025-07-26T09:12:48Z,1,0.0,,False
@qnfdjrhk,쉬는날 영화관 가서 시간때우는거 좋아하는데.. 딱어울리는 녀석이 나왔군  ㅋㅋㅋㅋㅋㅋ,2025-05-25T02:18:18Z,11,0.0,,False
@동트는아침-k2t,출연 배우들 좋고 감독님은 과속 스캔들 그 분이고<br>감성은 B 급인거 같고 <br>연기 잘하는 배우들이 맘먹고 웃기려고 하는 영화인거 같은데 <br>간만에 극장 가고 싶어졌다 ㅎㅎ,2025-05-25T18:15:27Z,7,0.0,,False
@김서우-j8g,이거  진짜 개 재미 있음 진짜 진짜 진심으로,2025-06-02T15:23:40Z,1,0.0,,False
@angoon380,와 이거 천만가겠는데 ㅋㅋ 예고편 개재밌네,2025-05-25T05:46:13Z,24,0.0,,False
@user-iu8wk2y,오 재밌을것같은 영화가 나왔네...ㅎㅎ 오랜만에 극장이 땡기는군 ㅋ,2025-05-25T03:33:21Z,7,0.0,,False
@뚜뚜-h9r,유아인 등장씬 다시보고싶다 진짜 액션이 새롭고 신선해서 이런영화 자주 보고싶어요 영상미랑 대사도 자연스럽고 아 또보고싶당 그냥 진짜 오랜만에 영화관가서 보길 잘했다는 생각이들어요,2025-06-08T13:51:10Z,4,0.0,,False
@이에루카,나! 이영화 보러간다!,2025-05-25T15:54:34Z,6,0.0,,False
@게임이좋아요,보러가야겠다ㅋㅋ,2025-05-25T04:57:31Z,6,0.0,,False
@gibezayak5523,추풍낙엽...아라한 장풍 대작전 + 품행제로 짬뽕 느낌,2025-06-01T13:05:42Z,1,0.0,,False
@xon_zy,진짜 너무 재밌어보인다 보러 가야지,2025-05-27T03:51:03Z,20,5.0,,False
@LeadingWorshiper,보고 오셨어요?,2025-06-12T15:10:21Z,0,,UgzKuhfgcVmL3IlRL5J4AaABAg,True
@xon_zy,​@LeadingWorshiper 넹 엄청 재밌었어요!,2025-06-12T15:14:13Z,0,,UgzKuhfgcVmL3IlRL5J4AaABAg,True
@LeadingWorshiper,저두요 😊<br>근데 흥행이 막 엄청나지 않아서 안타까운,2025-06-12T15:17:51Z,1,,UgzKuhfgcVmL3IlRL5J4AaABAg,True
@xon_zy,​@LeadingWorshiper그러게요ㅠ😢,2025-06-12T15:33:01Z,1,,UgzKuhfgcVmL3IlRL5J4AaABAg,True
@LeadingWorshiper,그래도 손익분기점은 넘는다고 해서 다행. 170만 명인가.,2025-06-12T16:37:10Z,0,,UgzKuhfgcVmL3IlRL5J4AaABAg,True
@captainHR1029,아놔<br>나 이런거 너무 좋아 ㅋㅋㅋㅋㅋㅋㅋㅋㅋㅋㅋㅋㅋㅋㅋㅋㅋㅋㅋㅋㅋㅋㅋㅋㅋㅋㅋㅋㅋㅋㅋㅋㅋㅋㅋㅋㅋㅋㅋㅋㅋㅋ,2025-05-25T13:21:45Z,6,0.0,,False
@Claymore-chopchop,옛날 영화중에 아라한 장풍대작전이 있었는데  그 영화 2탄같은 느낌,2025-05-31T12:28:48Z,2,0.0,,False
@dustinyoon5518,이 영화 무조건 본다,2025-05-25T12:41:03Z,4,0.0,,False
@로제-m9w,진짜 꼭 보십쇼 댕꿀잼임,2025-06-09T11:49:48Z,2,0.0,,False
@jo-wu2nk,우리나라도 이런영화가ㅋㅋㅋㅋㅋ<br>진영 대박이다 ㄷㄷ 연기 잘하네,2025-05-27T11:49:33Z,12,0.0,,False
@김톰잉,혼자라도 영화관가서 꼭 볼께여 ㅋㅋㅋㅋ 완젼재밌겠당!!,2025-05-30T02:14:13Z,9,1.0,,False
@LeadingWorshiper,보고 오셨어요?,2025-06-12T15:10:35Z,0,,Ugyv1XA-vG4w7Xf5RAR4AaABAg,True
@thmanperfect7462,ㅋㅋㅋ 영춘 말투가.. 니들이 개맛을 알아?! 가 계속 생각나게 만드는,2025-05-31T01:36:29Z,0,0.0,,False
@sky4376,아 이런영화 너무좋다,2025-05-25T13:43:55Z,4,0.0,,False
@혁굿,어제 오정세 선배 지인관 으로 시사회 영화 보고 왔는데 진짜 올해 나온 영화중 제일 재밌어요 ㅋㅋㅋㅋㅋ 영화관 전체 분위기도 너무 좋았고 간만에 많이 웃다가 나왔네여,2025-05-27T04:06:52Z,4,0.0,,False
@yung246,영화관 오랜만에 가고싶게 만들어주셔서 감사해요 <br>이번에 꼭볼게요,2025-05-31T12:05:56Z,2,0.0,,False
@스타더스트-j9z,아라한 장풍대작전 생각나네요😊😊😊,2025-05-26T16:45:11Z,4,0.0,,False
@bluewater8988,아 이건 진짜 봐야겠다 ㅋㅋㅋㅋㅋㅋ,2025-05-25T14:38:06Z,4,0.0,,False
@테란은사기,진짜 극장가서는 보지마세요😭😭,2025-06-08T00:51:55Z,2,0.0,,False
@미르후,<b><i>존나 웃기네! ㅋㅋㅋㅋㅋㅋㅋ 나오면 보러 가야지 ㅋㅋ</i></b>,2025-05-25T09:53:50Z,4,0.0,,False
@고성수-n3w,아 너무 좋아.영화는 즐거우면 돼는건데.이런거 너무 좋아.극장가고 싶어지넹.,2025-05-25T02:54:14Z,4,0.0,,False
@user-yjkukuk,폐 이식 받은 사람 이름이 지성이네 ㅋㅋㅋㅋㅋㅋㅋㅋㅋ 역시 두개의 폐 해버지,2025-06-01T04:55:41Z,1,0.0,,False
@아스피린-y5u,와!!!~~재밌겠다.🎉,2025-05-25T02:47:37Z,13,0.0,,False
@이진수-e4fo,아니 극장에서 이 영화 보는데 다들 영화보는내내 안웃고 나만 자꾸 웃고 그래서 뭐지..내가 비정상인가..? 너무 뻘쭘했음..암튼 전 재밌게 봤어요ㅠㅠ영춘할배 존내 잘생김,2025-07-09T10:21:43Z,2,0.0,,False
@kokopam1234,간만에 영화보러 가야겠네요.,2025-05-25T01:50:30Z,8,0.0,,False
@forest-b7i,아 이거 ㅈㄴ 기대됩니다  ㅈㄴ 재밌을듯,2025-05-25T10:57:29Z,4,0.0,,False
@minhokang_kor,예고편이 다가 아녔음<br>간만에 2편 기대되는 영화,2025-06-03T07:58:58Z,3,0.0,,False
@만수르-m6l,ㅋㅋㅋㅋㅋㅋㅋㅋ존나재밌겠다 꼭봐야지 이거,2025-05-25T06:46:37Z,5,0.0,,False
@임만두-x2b,어제 봤는데 웃겨죽는줄  예고는  암것도 아녀요 2편  나왔으면,2025-06-02T14:59:02Z,2,0.0,,False
@middragon2188,간만에 유쾌한 영화가 나왔네요.,2025-05-25T14:33:00Z,12,0.0,,False
@감사하는삶-m8v,오랜만에 너무재밌게봤어요,2025-06-02T15:04:39Z,3,0.0,,False
@qwertyuiop123-y5b,천만가자 이영화❤,2025-06-03T15:00:32Z,2,0.0,,False
@잭바우어-l4b,ㅋㅋㅋㅋㅋㅋㅋ 시박......시박 1분만에 빵 터졌다.....,2025-05-25T02:37:04Z,4,0.0,,False
@woogisky,오 이거 꼭 보러 간다 ㅋㅋㅋ,2025-05-25T11:11:46Z,9,0.0,,False
@쿠앤크04,왘ㅋㅋㅋㅋㅋㅋㅋ진영이 연기 진짜 많이 늘었넼ㅋㅋㅋㅋㅋ신구 말투랑 톤을 그대로 따라했엌ㅋㅋㅋㅋㅋㅋ,2025-05-31T05:09:40Z,0,0.0,,False
@남안종남,이건 봐야겠다 😊,2025-05-25T14:13:32Z,4,0.0,,False
@curlcrush,호수랑 미지랑 싸우는 영화네용,2025-06-09T21:24:43Z,4,0.0,,False
@콩콩-q9u,이거보고 끝에 궁금해서 영화관서 보고옴ㅋ,2025-06-14T01:07:24Z,1,0.0,,False
@아워니-w8z,호수따라 여기까지,2025-08-02T18:05:19Z,2,0.0,,False
@user-fj8xy5tx4x,ㅎㅎㅎㅎ 진짜 짜치네,2025-05-25T02:27:56Z,23,0.0,,False
@skyblood99,액션이 장난아니네,2025-06-01T00:22:33Z,1,0.0,,False
@맨-u1r,근데 유아인 없는게 아쉽다... 유아인 진짜 개웃겼는데,2025-06-19T09:18:52Z,4,0.0,,False
@nilliriyoona,어제 봤어여~ ㅋ 너무 잼나던데~ 이런 오합지졸들이 모여 먼가를 하는 내용 너무 좋아여~ 안재홍 너무 귀욥!,2025-06-02T05:10:30Z,3,0.0,,False
@M.Lim21,이 영화가 바로 김희원씨가 자기도 드디어 초능력자가 됐다고 만세 불렀다던 그 영화군요.,2025-06-04T15:04:34Z,1,0.0,,False
@아루이잉,미지의서울 배우들이넹 반갑네 ㅋㅋ,2025-06-01T03:55:48Z,4,0.0,,False
@Qkcjch,제가 영화관 가서 봣는데요 웃기긴 한데 기대하고 가면 노잼이고 기대 안하고 가면 개꿀잼인 작품입니다.,2025-06-12T11:00:23Z,5,1.0,,False
@병신-t9x,기대 안 해도 노잼이던데...,2025-06-15T15:27:44Z,0,,UgwQzvPhJswU3XwZBFN4AaABAg,True
@윤-s1k8p,주관적으로 올해 최고 영화인듯,2025-06-03T14:44:49Z,2,0.0,,False
@classic_10min,호수랑 미지랑 왜 싸우고 그래!!!!,2025-06-19T12:01:57Z,6,0.0,,False
@37uoy,이것만 봤는데 개재밌네,2025-06-04T01:20:02Z,2,0.0,,False
@라니몬s8b,"방금 다 봤는데. 오랸만에 너무 좋은 영화 봐서 기분까지 좋아요.  재미도 있고 의미도 있고,  최고🎉",2025-08-31T02:25:22Z,2,0.0,,False
@hong-seokha7392,흥행각,2025-05-25T02:34:14Z,7,0.0,,False
@예나가유리,무빙하고도 비슷하네😊,2025-05-25T18:55:58Z,4,0.0,,False
@진영준-y4t,예고에는 안나오지만 유아인 진짜 연기 잘해,2025-06-05T14:17:06Z,1,0.0,,False
@시니가니,영상마지마ㅋㅋ맴버십가입ㅋㄱㅋㄱ마지막 뿜었네,2025-05-25T02:03:07Z,6,0.0,,False
@쥬뎀므,리코더 ㅋㅋㅋ 뿜었다ㅎ,2025-05-25T02:09:14Z,23,0.0,,False
@jkhong-r2n,"<a href=""https://www.youtube.com/watch?v=oYCMSk3U6C4&amp;t=171"">2:51</a> 커피 빨리마시기 초능력인데..😢",2025-06-02T02:42:12Z,1,0.0,,False
@ChoCocoB,리뷰 보구 남편꼬셔서 어젯밤에 보고 왔어요! 연출이 맛깔나게 잘되어있더라구용 간만에 영화관가서 넘 재밌게 보고 와뚬당😊,2025-06-02T11:41:24Z,2,0.0,,False
@vrtra3f,무조건 본다,2025-05-25T04:06:45Z,4,0.0,,False
@masterpiece-JY,마지막 엔딩 다섯명이 주르륵 서있는 장면에 전율!<br><br>2편도 나와주길 바랍니다.,2025-06-01T02:54:07Z,1,0.0,,False
@원칙주의자-n1d,이건 볼만하겠다,2025-05-25T04:49:41Z,4,0.0,,False
@chris-z6q8k,이~~ 캐스팅 조합 미쳤스🎉🎉🎉극장가즈아!!!,2025-05-25T15:11:25Z,4,0.0,,False
@유햄-q8p,웹툰 갓핑크같다,2025-06-03T18:18:49Z,2,0.0,,False
@99로미처럼,"<a href=""https://www.youtube.com/watch?v=oYCMSk3U6C4&amp;t=502"">08:22</a> 나만의 킬포인트",2025-05-25T03:17:10Z,29,0.0,,False
@はるにあいましょう,유아인을 통편집했네;;,2025-11-29T23:57:06Z,4,0.0,,False
@scenery6902,약간 갓핑크 생각나는 소재네,2025-06-29T08:11:52Z,1,0.0,,False
@열무김치-x6p,완전 내스타일~~~ㅋㅋㅋ,2025-05-25T06:19:46Z,4,0.0,,False
@reverse610437,개존잼이겠는데요,2025-05-25T13:39:42Z,4,0.0,,False
@ssagazi6422,별생각없이 봤다가<br>시작부터 끝까지 빵빵 터져서 나왔다.,2025-08-18T02:56:58Z,1,0.0,,False
@옌200,오랜만에 코미디 보러 가야겠다ㅋㅋㅋㅋㅋㅋㅋㅋㅋㅋ,2025-05-25T07:59:04Z,10,0.0,,False
@김형중-w3v,너무 재밌어,2025-05-25T15:13:27Z,4,0.0,,False
@anchovy137,친구랑 극장가서 봤는데 진짜 개성넘치고 재밌었어요,2025-06-02T08:02:38Z,2,0.0,,False
@정이제,"<a href=""https://www.youtube.com/watch?v=oYCMSk3U6C4&amp;t=113"">1:53</a>부터 <a href=""https://www.youtube.com/watch?v=oYCMSk3U6C4&amp;t=120"">2:00</a> 괴짜가족 ㄷㄷ",2025-05-25T08:49:59Z,10,0.0,,False
@야망뒤의욕망,어제 보고왔는데 진짜 유쾌해요 ㅎㅎ,2025-06-11T00:53:31Z,6,1.0,,False
@LeadingWorshiper,저도 어제,2025-06-12T15:13:20Z,0,,Ugwy4_c_CYIbNRshviB4AaABAg,True
@효단풍,꼭 보세요 나만 뒤질 수 없지,2025-06-09T02:09:05Z,2,1.0,,False
@공돌이bbb,네이버 평점알바로 도대체 얼마를 쓰는건지 궁금한 영화 ㅋㅋㅋㅋㅋㅋㅋ,2025-06-09T10:17:54Z,0,,UgxsndAHMbE4hPSnihJ4AaABAg,True
@lee-et2hv,다 좋은데 CG가 22년전 품행제로랑 비슷...,2025-07-12T01:21:13Z,3,0.0,,False
@땅콩-d1l,영화 조졌다는게 ㅠ,2025-06-07T05:17:01Z,4,0.0,,False
@해삐해삐123,너무 기대했나봄...저런 좋은 배우들로 이런 연출이라니... ㅠㅠㅠ😢,2025-06-15T01:30:39Z,0,0.0,,False
@바아룽,CG 짜치는게 B급감성 충만해서 너무좋네 ㅋㅋㅋㅋㅋㅋㅋ,2025-05-25T01:18:10Z,41,0.0,,False
@MrHj1210r,무빙의 코믹버젼....,2025-05-25T01:58:33Z,15,0.0,,False
@shinechoi6851,여기 유아인도 나오는데 역쉬 연기는 잘하더군 ㅋㅋㅋ,2025-06-02T07:22:39Z,2,0.0,,False
@로블록스몰루,"<a href=""https://www.youtube.com/watch?v=oYCMSk3U6C4&amp;t=832"">13:52</a>  SIU 인줄",2025-05-25T08:26:54Z,12,0.0,,False
@kimkkoma,개봉한날보고왔는데 진짜재밌습니다ㅋㅋ<br>부담없이 웃고보기 좋은데<br>생각보다 짜임새있어요ㅋㅋ<br>cg는 b급인데<br>그래서 더 잘어울림ㅋㅋ<br>근데 연기들은 또 다잘함ㅋㅋㅋ,2025-06-02T12:49:22Z,4,0.0,,False
@오기-zori,이거보고 방금 영화관갔다왔습니다 ㄱㅅㄱㅅ,2025-05-31T14:33:28Z,1,0.0,,False
@Jkey-c2z,와 재밌겠다,2025-05-25T05:37:05Z,4,0.0,,False
@일상이야기-1,오랜만에 극장 가야겠네요.,2025-05-25T19:06:31Z,4,0.0,,False
@이현미-t9z6p,오늘 보고 왔어요. 연기가 능청스럽게 넘 잘하고 연출이 훌륭해서.  유치하지 않고 너무 유쾌 했어요~!!,2025-06-29T11:15:37Z,1,0.0,,False
@run-away.,오! 기대되네요.,2025-05-25T06:30:57Z,5,0.0,,False
@user-hyWooSeok,어제 보는데 둘이만 봄 근데 너무 재미있어서 안타까움  잼난거 많이나옴 진짜 봐야함<br>배우들 연기 너무 좋았음 돈 안아까움 아역도 연기가 너무 좋고 배우들은 내가 다좋아하는 분들 !!  음악 와우 연출이 너무 좋음<br>빌런 박진영 너무 매력있음 ❤<br>나인걸 아빠 !!~  부를때 아빠 한방 짱 멋졌음!!,2025-06-18T12:56:50Z,2,0.0,,False
@신-n5i,한 번더 보고 싶을 정도로 재밌어요,2025-06-01T14:57:49Z,1,0.0,,False
@Tv-ol3wd,재밌겟케,2025-05-25T06:24:30Z,4,0.0,,False
@Junebleujune,재밌겠다,2025-05-25T07:57:35Z,4,0.0,,False
@국제제비,추석때 방영하겠네😂,2025-05-31T06:42:18Z,1,0.0,,False
@codezero1135,"ㅋㅋㅋㅋ지무비로 예고편보고 기대감에 오늘 극장가서 보고왔는데 시간가는줄 몰랐습니다ㅋㅋㅋ<br>중간중간마다 피식 피식 피식ㅋㅋㅋㅋ 간질간질거리는 웃음포인트가 많았어요ㅋ 이재인배우도 매력있더라고요ㅋㅋ<br>안재홍, 라미란, 오정세, 김희원도ㅋㅋㅋ웃기고요ㅋㅋㅋ<br>갠적으로 유아인이 위법하지 않고 잘 성장해주었으면 얼마나 좋았을까하는 아쉬움도 생기더라고요.<br><br>평점 10점 만점에 7점입니다ㅋㅋ😊",2025-06-04T07:15:40Z,4,0.0,,False
@인천파김치,아 이거뭐야 개웃기네ㅋㅋㅋㅋㅋㅋ,2025-06-06T04:05:07Z,5,0.0,,False
@박지성-h8f2w,약간 갓핑크 느낌이구나,2025-06-01T21:38:23Z,1,0.0,,False
@zzangEya,이거 진짜 재밌음-!!,2025-06-01T23:06:53Z,5,1.0,,False
@LeadingWorshiper,👍,2025-06-12T15:00:06Z,0,,UgxQgIU-RA0-mt2NpQp4AaABAg,True
@Hehehihiheh,이거 진짜 재밌게 봤음 유아인 배우 팬 아닌데 예고편에도 안나오고 유튜브에 하이파이브 검색해도 많은 영상중 한번도 안보여서 속상함 영화에서 너무 매력있는 캐릭터였음 연기 진짜 잘해요 영화관에서 꼭 한번 보세요ㅠ😢,2025-06-03T02:20:46Z,3,1.0,,False
@전순연-w1q,정말 간지나게  잘함  유아인장면이  제일  재미있었음    가벼운케릭터인데도  기깔나게  소화함,2025-06-05T08:21:48Z,0,,UgyvtHlzLFAr5-PmxhR4AaABAg,True
@surlasan,진짜 간만에 깔깔 웃으며 봣음!!,2025-05-30T10:03:25Z,1,0.0,,False
@joojooing,ㅋㅋㅋㅋㅋㅋㅋㅋ재밋겟당,2025-05-25T10:07:28Z,6,0.0,,False
@mk-eo4nh,....재밌다고..? 보고오긴했음..?,2025-06-06T14:41:08Z,4,1.0,,False
@루스ko,ㅇㅇ 재밌던데,2025-06-18T16:25:49Z,0,,UgxlBFyra9gzzOA_I2V4AaABAg,True
@뚜야-s5l,쿵푸허슬 소림축구 좋아하시면 꼭 보세요 ㅋㅋㅋ 딱 그런과입니닼ㅋㅋㅋ,2025-06-05T14:43:55Z,2,0.0,,False
@juec8484,예고보다  기대 이상 훨씬 더 재밌습니다. 웃느라 정신이 없었습니다. 재밌고 신나고 유쾌한 영화였습니다. 연기자들은 연기 폭발이고 기분 좋은 영화입니다. 추천드려요,2025-06-04T00:06:50Z,8,4.0,,False
@amuse4087,악의도 아니고 농담도 아니라 진짜 궁금해서 묻는 건데 혹시 어느 부분에서 웃으셨어요?,2025-06-04T14:50:52Z,3,,UgzdwM3MivGoksOEBkZ4AaABAg,True
@ja_kerks6853,관람객들 다 한숨쉬고 뭐야라고 하고 몇명은 재미없어서 잠까지 자던데 어디가요?? 진짜 다들 나올때 돈아깝다 재미없다만 들렸어요... 개연성 밥말어먹은 전개들 너무 산만하고,2025-06-05T02:04:59Z,3,,UgzdwM3MivGoksOEBkZ4AaABAg,True
@Blue_shorts7,@ja_kerks6853전 친규랑 같이 보고 친구랑 쌩깟어요 .. 저랑 다신 영화 같이 안본대요 ….. ㅠㅠ,2025-06-05T15:15:55Z,1,,UgzdwM3MivGoksOEBkZ4AaABAg,True
@ILike2360,넌 지능 낮은갑다,2025-06-14T01:09:38Z,0,,UgzdwM3MivGoksOEBkZ4AaABAg,True
@monolik4895,금방 보고 나왔는데 잘 뽑았다👍,2025-05-30T14:09:26Z,4,0.0,,False
@6시-네고왕1,이거 진짜 ㅈㄴ재미있음,2025-06-03T05:34:51Z,1,0.0,,False
@홍구석유,속았다~ 너무 유치했다~~!!,2025-06-06T15:22:52Z,4,1.0,,False
@쩐다쩔어-x5p,걍 이 리뷰만 봐도 대놓고 유치한디 b급 코미디는 유치한맛에 보는거져 ㅋㅋㅋ,2025-06-06T16:11:39Z,0,,UgypE3f9jQpWDm8jIeJ4AaABAg,True
@돈먹는국외의원,영화관에서 보고 욕하면서 나왔음.........그래도 추천함<br>나만당할순없지....,2025-07-18T01:34:27Z,5,0.0,,False
@JJ-kz9to,방금 봄. 재밌게 봄,2025-08-09T23:58:19Z,1,0.0,,False
@lime2839-x3c,"유아인 빼고 약간 허술..고구마 먹은 캐릭터라 나는 쪼금 답답이였는데. 주성치 영화 보는 느낌이 들었음.. 하지만 유아인 캐릭터가 너무 매력있어서 끝까지 보았음. 유아인 등장신은 여기 영상을 안풀어서 못보겠지만, 진짜 등장신이 간지 철철 났다... 내 이 영화에 8할은 유아인때문에 재밌게 보았음 .. 그거 아님 중간에 나왔다.",2025-06-02T23:39:33Z,4,2.0,,False
@전순연-w1q,나둔데~,2025-06-05T08:22:56Z,0,,Ugxm0kOqV7hw2bZ9Hkh4AaABAg,True
@truehosik,ㄹㅇ 다른 부분 재미 없던데 여기 댓글들 후하네,2025-06-16T02:59:41Z,1,,Ugxm0kOqV7hw2bZ9Hkh4AaABAg,True
@정현영-u1j,감독 주성치😂😂,2025-05-25T02:38:52Z,24,2.0,,False
@kss517,"노 써니,과속스캔들 감독님",2025-05-25T06:58:03Z,0,,UgwaN5CdcS2Z_pgn8mh4AaABAg,True
@정현영-u1j,​​@kss517너무 진심으로 받아드리신다 다른댓글안보셨죠😮😮😮?웃고갑니다,2025-05-25T11:03:34Z,0,,UgwaN5CdcS2Z_pgn8mh4AaABAg,True
@kimbaep,리코더 씬때 극장 다웃음ㅋㅋㅋ,2025-06-05T09:51:37Z,1,0.0,,False
@아침햇살-v9t,"<a href=""https://www.youtube.com/watch?v=oYCMSk3U6C4&amp;t=130"">02:10</a>~ 안재홍 배우가 나오면 재미 보장ㅎㅎ",2025-05-25T03:37:31Z,5,0.0,,False
@핸드메이드-j7j,"<a href=""https://www.youtube.com/watch?v=oYCMSk3U6C4&amp;t=727"">12:07</a>  오정세 연기 진짜 겁나 웃기네 ㅋㅋㅋ",2025-05-30T15:06:56Z,6,0.0,,False
@여닝님,3일전에 보구왔는데 ㄹㅇ루 재밌음 ㅋㅋㅋㅋ,2025-06-04T04:11:17Z,3,0.0,,False
@user-개두식,진짜 존나 웃긴거 맞아요? 나는 한국영화 ㅈ됐다고 보는데….,2025-06-07T04:03:45Z,6,3.0,,False
@myow8242,심각하게 재미없음;,2025-06-07T13:04:00Z,0,,UgwX6VIUDQJWuDT0X1J4AaABAg,True
@다브투난주,ㄹㅇ 나빼고 다들 몰카하나 싶엇음..,2025-06-07T15:21:36Z,0,,UgwX6VIUDQJWuDT0X1J4AaABAg,True
@TaekiKang,ㄹㅇ ㅅㅂㅋㅋㅋ,2025-09-09T17:09:41Z,0,,UgwX6VIUDQJWuDT0X1J4AaABAg,True
@pyojung36,"<a href=""https://www.youtube.com/watch?v=oYCMSk3U6C4&amp;t=802"">13:22</a> 월아천충 개 뜬금포로 튀어나오넼ㅋㅋㅋㅋㅋㅋㅋㅋㅋㅋㅋㅋㅋㅋㅋㅋㅋㅋ",2025-05-25T03:22:46Z,11,2.0,,False
@찌라시댓글알바퇴치술,월하천추,2025-05-25T04:57:22Z,0,,UgxNIKDR-jcqk2VVRXR4AaABAg,True
@정민규-j5k,​@찌라시댓글알바퇴치술원본이 월아천충임,2025-05-25T05:19:27Z,0,,UgxNIKDR-jcqk2VVRXR4AaABAg,True
@musksk331,이러 ㄴ건전하고 유쾌한 영화가 좋다,2025-05-31T05:17:42Z,1,0.0,,False
@아맛나맛나,약간 웹툰 갓핑크 느낌인건가 비슷하네,2025-05-25T01:20:01Z,17,1.0,,False
@andylee4167,안 비슷한게 잇냐?,2025-05-25T07:59:11Z,0,,Ugwx42GXOyfTC097KYJ4AaABAg,True
@노평례-c9m,아라한장풍대작전 생각나네요 ㅋㅋㅋ,2025-05-25T03:23:04Z,13,0.0,,False
@ShJang-rw6nn,이거 영화관가서 보면 더 재밌음<br>진짜 강추!,2025-06-02T04:34:17Z,1,0.0,,False
@user-us5es4sy9w,뭔 신을 토막내서 나눠가졌나고 영화에서  기증자 정체에대해  왜 언급이없냐고,2025-07-11T16:46:03Z,4,0.0,,False
@WIND13-t9f,근데 왜 유아인은 없음?,2025-06-08T09:39:11Z,5,2.0,,False
@신아영-x6o,ㄹㅇ..,2025-06-11T15:05:06Z,0,,UgyDDiq2RbpIDZ9d0qV4AaABAg,True
@YHStar,나오면 너무 중요한 장면이라,2025-06-14T19:43:02Z,0,,UgyDDiq2RbpIDZ9d0qV4AaABAg,True
@gaga6258,보러가아겠댜 이거 ㅋㅋㅋ,2025-05-31T01:27:58Z,2,0.0,,False
@한국사나이-f3n,"<a href=""https://www.youtube.com/watch?v=oYCMSk3U6C4&amp;t=194"">3:14</a> 스포주의 6개라는데 영화에는 5개밖에 없네요",2025-06-03T15:51:24Z,4,4.0,,False
@이혜-u3b,영화에 왜 5개에요? 영화봤는데 6개맞아요,2025-06-03T16:02:47Z,0,,UgxFwFympTBBcqo4x3Z4AaABAg,True
@다이들보바다보나두모,저기 6명 맞아요(이 분 영화보다 졸았나요ㅋㅋ),2025-06-03T16:13:50Z,0,,UgxFwFympTBBcqo4x3Z4AaABAg,True
@KIM_DOONG가짜,개가 아니고 명이에요<br>😂😂😂😂😂😂😂,2025-06-03T16:15:23Z,0,,UgxFwFympTBBcqo4x3Z4AaABAg,True
@한국사나이-f3n,제가 죄송합니다.😢,2025-06-04T00:08:09Z,0,,UgxFwFympTBBcqo4x3Z4AaABAg,True
@eco-bike,간만에 재밌겠다😊,2025-05-25T02:41:15Z,8,0.0,,False
@defsouljayb4746,"<a href=""https://www.youtube.com/watch?v=oYCMSk3U6C4&amp;t=591"">9:51</a> 젊은 시절의 교주가 아니라 외모만 젊어진 교주 본체라는걸 진짜 잘 살림",2025-05-31T08:56:00Z,0,0.0,,False
@hshdbeiqjhagd,극한직업이 대박난 이유가 정신없이 웃을 수 있는 영화라서 였음<br>요새 나오는 시덥잖게 진지한 영화들 사이에 보석같은 영화<br>바로 이 영화임<br>암튼 ㅈㄴ 웃김ㅋㅋㅋㅋㅋㅋㅋㅋㅋㅋㅋㅋㅋㅋㅋㅋㅋ,2025-06-03T06:08:52Z,4,0.0,,False
@TGGIH0428,오늘 영화 보고 왔는데..<br>영상이 스포를 넘어 영화의 2/3은 보여주는 것 같습니다;;;;<br>영화 보실 분은 이 영상 시청 않고 가시는 것을 추천합니다.,2025-05-30T15:04:06Z,4,1.0,,False
@PainkillerBenson,원래 그런 채널아님?,2025-05-30T15:16:13Z,0,,UgwU70_lFtPW09t8w2F4AaABAg,True
@군대게임개그펀슈머,"<a href=""https://www.youtube.com/watch?v=oYCMSk3U6C4&amp;t=568"">9:28</a> 몇명은 죽었겠는데 ㅋㅋ",2025-06-05T09:14:04Z,2,0.0,,False
@장기동치우미,내 인생에서 제일 병신 같은 영화였음<br>표현하고 싶은건 많아보이는데 그걸 영화로 풀어낼라니까 시간을 부족하고.<br>개연성은 ㅈ도 없고 댓글들은 다 알바고.<br>드라마로 해서 길게 풀면서 개연성 설명하면 재미라도 있을텐데 왜 멍청한건지 감독이 능력이 없는건지 영화로 굳이굳이 해서 망하디 망한 작품임,2025-09-19T16:09:27Z,5,0.0,,False
@카니자-b8x,유아인 때문에 소개에는 안 나왔는데 요구르트카트 추격씬이 진짜 대박임. 꼭 극장서 봐야함ㅋㅋ,2025-06-14T15:06:13Z,1,0.0,,False
@유x8메그내릭,"<a href=""https://www.youtube.com/watch?v=oYCMSk3U6C4&amp;t=774"">12:54</a> 순간 갓파마냥 원형탈모 개씨게 온 줄 ㅋㅋㅋㅋㅋㅋㅋㅋ",2025-06-01T07:21:49Z,0,0.0,,False
@침대위에광전사,"<a href=""https://www.youtube.com/watch?v=oYCMSk3U6C4&amp;t=449"">7:29</a> 탱크보이는 고인이 되엇다구...",2026-01-25T16:52:24Z,0,0.0,,False
@-VESPER-,"<a href=""https://www.youtube.com/watch?v=oYCMSk3U6C4&amp;t=462"">7:42</a> 이 멘트가 ㅈㄴ 웃기네ㅋㅋㅋㄱㅋ",2025-11-07T23:14:20Z,0,0.0,,False
@qpwoei7,솔직히 유아인 간지미쳤음.. 마약한게 너무 원망스러움,2025-06-01T08:00:30Z,19,1.0,,False
@SeilPark89,본인이 한거임 어쩌겄음 방황도 좀 해봐야 나중에 나이들어서 점잖게 살지 ㅎㅎ 젊었을때 근데 마약은 중독성이 잘 끊길 바람..,2025-06-10T03:11:47Z,1,,UgwDY2SVf5wbP9EGegF4AaABAg,True
@amuse4087,진짜 돈풀어서 홍보하나<br>영화 내내 귀 찢어지는 소음만 엄청 나오고<br>액션 연출만 쿵푸허슬 따라해놓고 쿵푸허슬처럼 코미디로서 뇌절은 못해서<br>전형적이진 않은 특이한 한국식 C급 쓰레기 영화였는데 뭔...<br>유일하게 박진영 연기는 진짜 좋았다,2025-06-04T14:48:47Z,7,0.0,,False
@WhiteBlue-on,"<a href=""https://www.youtube.com/watch?v=oYCMSk3U6C4&amp;t=50"">0:50</a> 이거보고 아 외지주구나 그게 현실이 됬구나 이생각함ㅋㅋ",2025-06-07T01:05:58Z,0,0.0,,False
@NOOH33,오늘보고왔는데 유아인 진짜...악마의 재능 ㅠㅠㅠ 어쩜 코믹연기도 잘하는지... 여기선 통편집이네요..ㅠ,2025-05-31T09:48:20Z,1,0.0,,False
@baeko6152,박진영배우의 신구쌤 성대모사 너무 잘했어요! 액션신도 멋졌고! 이재인배우도 액션신 굿!,2025-06-06T12:57:13Z,2,0.0,,False
@깨-k9c,"<a href=""https://www.youtube.com/watch?v=oYCMSk3U6C4&amp;t=253"">4:13</a> 예쁜 초능력 너무 부러운데?",2025-06-03T08:09:30Z,0,0.0,,False
@짱구는옷말림,아 근데 애초에 초능력자가 장기이식을 하게 되는 상황이 오다니... 스스로 힐러 능력도 있었을텐데...,2025-06-10T07:09:19Z,1,0.0,,False
@ehehejwjwjw,"예고편부터 유치찬란하더니 여기저기 짜집기한 등장인물과 설정,뻔한 스토리에 저 정도급 배우들 모아놓고 이따구 수준의 영화를 찍는것도 능력이라면 이게 초능력~혹시 저예산 영화인가?했더니만 그래도 제작비 200억대 영화였..근데 비슷한 유형의 한국영화들에 비해 애매한 예산이었긴 하다;;",2025-06-08T03:45:05Z,6,0.0,,False
@love-x2-1,하이파이브 배우분들 핑계고 나오면 좋겠당 .. ㅠㅠ 박진영님 진짜 존잘 연기 최고 ㅠㅠㅠㅠ,2025-06-11T03:02:27Z,2,0.0,,False
@별로내마음의별로,확실히 재미는 있음 ㅋㅋㅋ 근데 정가 다 주고 보긴 좀 그렇고 ㅋㅋㅋ 조조나 멤버쉽으로 보면 딱임,2025-06-05T11:58:23Z,1,0.0,,False
@boribob82,"<a href=""https://www.youtube.com/watch?v=oYCMSk3U6C4&amp;t=115"">1:55</a>  쿵푸허슬 생각났어 ㅋㄱㄱㄱ",2025-07-27T12:01:10Z,0,0.0,,False
@limk0604,좀전에 보고 나왔는데<br>고민없이 즐기기 좋은 B급 감성<br>팝콘 무비로 딱임<br>사운드 퀄 상당히 좋아 오디오적 쾌감 지림<br>그리고 유아인ㅜㅜㅜ진짜 까리하게 나옴<br>폼 죽이더라,2025-05-30T13:29:38Z,0,0.0,,False
@Okk-e7y-b1z,유아인이 나온다구요? ㅋㅋㅋ..<br>왜 슬금슬금 나오시는걸까 😂😂,2025-06-01T22:10:41Z,2,0.0,,False
@SA-qr5vz,어제 첫개봉일에 봤는데요.<br>안재홍 + 유아인 티키타카 키스씬이 웃김ㅋㅋㅋ<br>역시나 라미란의 숨겨진 능력이 포인트,2025-05-31T00:19:57Z,0,0.0,,False
@니르코브,"<a href=""https://www.youtube.com/watch?v=oYCMSk3U6C4&amp;t=333"">05:33</a> 솔직히 블루투스 리코더 능력이 제일 탐난다",2025-07-21T22:29:20Z,0,0.0,,False
@브롤좋아하는김냥코씨,유아인 그 잡힌 거 구하다가 요구르트차 타고 도망가다가 노래 나오는거 겁나 웃겼는데 ㅋㅋ,2025-06-01T03:47:05Z,0,0.0,,False
@flour9,류승완감독<br>류승범이 나오는  &#39;아라한 장풍대작전&#39; <br>영화가 떠 오르네요.,2025-06-07T17:42:51Z,1,0.0,,False
@DHK-h1p,만 7세 이상 시청 금지ㆍ 수준 이하ㆍ 오늘부터 내 꿈은 시나리오 작가 영화감독 ㆍ 영화 만드는 게 이렇게 쉬운지 몰랐네🎉🎉🎉🎉,2025-07-22T03:48:10Z,7,0.0,,False
@MithrilTW,왜 이래? 알면서 이 대사 진짜 지렸다..진구선생님이신줄..ㄷㄷ,2025-06-06T03:50:23Z,1,0.0,,False
@kskim1926,왜 이래 알면서 ㅡㅡ 이 대사는 진짜 신구 선생님 빙의네 ㄷㄷㄷ,2025-06-05T13:05:43Z,1,0.0,,False
@ja_kerks6853,진짜 바이럴이다... 재미도 없고 봤던 관람객들도 뭐야라고 한숨부터 쉬더라 예전처럼 제대로 보고 판단하는 리뷰는 개나줬음,2025-06-04T05:49:40Z,5,1.0,,False
@amuse4087,와 이거 진짜죠<br>현장 분위기 진짜 뻘쭘하고 처참한데 인터넷 댓글에서만 이런 호평 너무 어색함,2025-06-04T14:49:55Z,1,,UgznkNrucNPI_ODgaVF4AaABAg,True
@김김김-p8l,아니 어제 봤는데 울었다 웃었다 막 미쳤네🪨았네 진짴ㅋㅋ,2025-06-01T22:49:27Z,2,0.0,,False
@bbaggome,"<a href=""https://www.youtube.com/watch?v=oYCMSk3U6C4&amp;t=876"">14:36</a> 유아인?? 감독 강단있네…<br>뭐 어차피 볼 사람은 보겠지만, 흥행에 도움은 안될꺼 같다",2025-05-25T03:22:34Z,4,1.0,,False
@보고계신다_삼성lions,극장 가서 볼려고 했다가 짜게 식네요. 걍 OTT로 올라오면 볼려고요.,2025-05-30T19:58:56Z,0,,UgxluDZIhZ8xYTw6Qj94AaABAg,True
@amdwlFan,ㅋㅋㅋㅋㅋㅋㅋ<br>근데 박진영을 처음 본 작품이 미지의 서울인데<br>미지의 서울보고 하이파이브 보는데 진짜 미지의  서울에서랑 하이파이브랑 너무 달라요......ㄷㄷㄷㄷ<br>그만큼 연기를 잘한다는 뜻,2025-07-15T23:19:40Z,1,0.0,,False
@너누좌,여기에 나온게 다임 더 볼꺼 없음 진짜 .... 간만에 극장갔는데 하.... 실망,2025-06-17T00:56:37Z,4,1.0,,False
@엥깔마녀,이 댓글을 봣어야 햇는데 .... 예고편이 진짜 다일수가 잇는게 ...,2025-07-23T10:54:37Z,0,,UgxGLvthTkd0MhgMEoJ4AaABAg,True
@TV-db7lc,다들 진영 배우님 볼때 난 희원 배우님이 보인다.,2025-06-06T13:11:56Z,1,0.0,,False
@TAEKKO1,싸우자는거냐 사귀는거냐 멘트 왜케 좋은거지 ㅋㅋㅋㅋ,2025-06-05T14:16:53Z,0,0.0,,False
@erickim4565,뭐냐 이게..;; 뭔 영화냐 ㅋㅋ,2025-06-07T04:26:14Z,7,1.0,,False
@tv-dd6tt,갸꿀잼 영화😏,2025-06-11T07:14:49Z,0,,Ugyy_mhkbtk81OULkHF4AaABAg,True
@장민근미술쌤,"간만에 유쾌한 영화. 하이파이브 진짜 재밌었어요! 예상보다 훨씬 괜찮았고, 유쾌하면서도 감동적인 순간들이 있어서 웃다가 울 뻔했네요. 캐릭터들도 매력 있고 전개도 지루할 틈이 없었어요. 가볍게 보기 좋고, 친구랑 보면 더 재밌을 듯!",2025-06-01T07:17:56Z,2,0.0,,False
@짠쩐짠쩐,솔직히 좀 많이 유치했음,2025-05-30T22:15:37Z,3,0.0,,False
@rlftjswns8489,존나 재미있겠다 ㅋㅋㅋㅋㅋ 봐야겠다 ㅎㅎㅎㅎㅎㅎ,2025-05-25T13:40:51Z,5,0.0,,False
@슈크림_1225,진짜 이 영화에서 가장 웃겼던 파트는 추격전 끝나고 &quot;4인분이요&quot; 는 진짜 미친것같다 ㅋㅋㅋㅋㅋㅋㅋㅋㅋㅋㅋㅋ,2025-06-09T05:35:29Z,0,0.0,,False
@이건머지-j5x,난 별로였는데 다들 재미지게 보셨나봐요,2025-06-04T13:06:30Z,5,0.0,,False
@쿵푸소녀치치,역시 그냥 그저그럼,2025-06-06T01:15:05Z,3,0.0,,False
@김학도-t3k,너는 b급 감성 cg가 너무 후짐 ㅈ노잼이더라 지무비 리뷰가 더 재밌음,2025-06-06T04:11:27Z,5,0.0,,False
@Blue_shorts7,이거보고 잼쓸까봐 보러갓는데 진짜 돈아까워요….. 진짜 너무 재미없는데 평소 영화 리뷰 하시는 유튜버인데 너무 책임감없이 재미잇다고만 소개해주신듯 .. 갑자기 개연성없는 회상씬이나 개그감이나 암튼 실제로 보다가 중간에 나가는 분들도 많고 친구한테 추천해서 보기싫다한 친구 재밋다고 꼬셔서 데려갓다가 욕만 먹엇어요 ㅠ,2025-06-05T15:02:56Z,8,4.0,,False
@맛있는_사과,ㅈㄴ 재밌는대;,2025-06-06T10:35:46Z,1,,UgyDzV3zEO130S-wibR4AaABAg,True
@user-jf6bd3wu9m,@맛있는_사과오늘 보고 왔는데 진짜 존나 유치하고 돈 아깝던데,2025-06-06T13:42:25Z,2,,UgyDzV3zEO130S-wibR4AaABAg,True
@노숑-b2h,호불호 갈리긴 해~,2025-06-06T13:52:56Z,0,,UgyDzV3zEO130S-wibR4AaABAg,True
@쩐다쩔어-x5p,​@user-jf6bd3wu9m 근데 애초에  영화소재 자체가 개유치치할 건 충분히 예상 가능한 거 아닌가 ㅋㅋㅋㅋㅋㅋ걍 배우들 라인업만 보고 본건가,2025-06-06T16:21:17Z,0,,UgyDzV3zEO130S-wibR4AaABAg,True
@heyonwye,"<a href=""https://www.youtube.com/watch?v=oYCMSk3U6C4&amp;t=126"">2:06</a> 호우! 슈퍼히어로 랜딩",2025-06-14T11:21:05Z,0,0.0,,False
@sirajane646,완전 기대~~ 박진영 “아프잖아~~” ㅋㅋ,2025-06-09T13:00:03Z,1,0.0,,False
@마이비-b1o,심장이 힘인데 왜 간이랑 췌장인데 힘이 쎄고 날아다니냐,2025-06-06T05:37:06Z,1,0.0,,False
@leeyujeng46,진짜 어떤분 말씀대로 중간중간 피식은 있는데 막 그렇게 재미있지는 않아요ㅠㅠ,2025-06-07T19:27:24Z,1,0.0,,False
@illiililili,유아인... 연기 정말 잘하고 매력있는 캐릭터인데... 어째서.... 2편 나올수 있으려나,2025-06-06T06:47:21Z,1,0.0,,False
@70464,차라리 넷플 드라마로 나왔으면 더 재미있었을 거 같음. 2시간 안에 이것저것 다 보여주려고 하다 보니까 캐릭터 서사며 갈등 구조며 그냥 수박 겉핥기 식으로 끝난 것 같아서 너무 아쉬웠음ㅠ,2025-06-08T01:58:32Z,1,0.0,,False
@그냥_운드,진짜봤는데 너무 재미있음 구라가아니고 웃기고 멌잇고 재밌고    미쳤음 ㅋㅋㅋㅋㅋ그리고 선녀가 살짝 힘 쌔지게 하는거 같은 능력인데 멌잇음 ㅋㅋㅋㅋ,2025-06-30T23:14:32Z,1,0.0,,False
@1물음표,각막 능력자 안보이길래 영화에 안나오고 2편에 악당으로 나올줄 알았는데.... 영화보고 나니까 안나온 이유를 알겠드라......,2025-06-08T05:09:23Z,1,0.0,,False
@rndud1212,어제 보고 왔는데 ㅋㅋㅋ 유아인 지워버린 지무비에게 존경의 박수 보냅니다 ㅋㅋㅋ,2025-06-01T08:35:16Z,1,0.0,,False
@h2zzxc,별 기대 안하고 봤는데 진짜 보는내내 웃고 집중해서 봄 개재미씀,2025-06-02T04:56:10Z,1,0.0,,False
@새벽이슬-x9g,여기에 안나오는 유아인도 졸라 웃김 꼭 다시봐야 할영화임,2025-05-31T12:14:50Z,0,0.0,,False
@냥아치_13,CG 수준이 진짜 A-임 개 좋은데 약간 부자연스럽<br>아니 보는데 완벽한데???????,2025-05-31T01:13:07Z,2,0.0,,False
@손일석-p5v,오정세 저런 역할 진짜 좋아 ㅋㅋㅋㅋㅋㅋㅋㅋㅋㅋㅋㅋㅋ,2025-06-06T15:57:22Z,0,0.0,,False
@donut-t1z1e,리코더 빵터졌다 ㅋㅋㅋㅋㅋㅋㅋㅋㅋㅋㅋㅋㅋㅋㅋㅋㅋㅋㅋㅋㅋㅋㅋㅋㅋㅋㅋㅋㅋㅋㅋㅋㅋㅋㅋㅋ<br>닭강정 같은 병맛류인가보네 ㅋㅋㅋㅋㅋㅋㅋㅋㅋㅋㅋㅋㅋㅋㅋㅋㅋㅋㅋㅋㅋㅋㅋㅋㅋㅋ,2025-06-11T12:49:32Z,0,0.0,,False
@suyeonkim2172,아 정봉오빠 미란씨 넘 좋아,2025-06-12T16:11:09Z,1,0.0,,False
@샌프-s7g,이재인 배우 너무 예쁘다...ㅎㅎ,2025-06-02T19:00:59Z,1,0.0,,False
@kimjeong-hoon9771,쓸데없긴 머가 쓸데없어 푸스로다구만 졸라 멋있구만,2025-06-02T04:53:38Z,1,0.0,,False
@lcmpark,이재인 VS 신구 → 신구대결,2025-06-13T15:30:07Z,2,0.0,,False
@JiahLeeILoveyou,하이파이브 너무 재밌어서 또 봐야 되네요.<br>진영 진짜 연기가 대박예요!!!!<br>태권도가 웃기넼ㅋㅋㅋㅋㅋㅋ.,2025-07-18T04:28:07Z,1,0.0,,False
@대현-77k,아이랑 어머니까지 온 가족이 함께 어제 관람하고 왔어요 ^^ 모두 즐겁게 봤구요. 조금만 디테일을 다듬었으면 하는 아쉬움과 조금 과한 부분도 분명 있지만 배우들의 좋은 연기나 시원한 액션! 또 신나는 분위기는 극장에서 관람하기에 너무 좋았어요 ㅎ 꼭 좋은 흥행 결과로 다음 편도 있으면 좋겠어요 ^^,2025-06-15T15:10:42Z,1,0.0,,False
@가브리엘-l3q,안재홍은 이런 연기 천재다 증말ㅋㅋ,2025-10-08T17:31:42Z,0,0.0,,False
@jyoj4104,안재홍 키스신이 인상깊어요ㅎㅎ 재밌는 포인트가 영화로 다양하게 많이나와여 강추합니다,2025-06-03T08:10:40Z,0,0.0,,False
@멍텅구리-y4x,축핫합니다.늘 몸건강하시고.좋은영향력으로늘 애써주심에 다시한번 감사합니다,2025-06-04T03:18:05Z,1,0.0,,False
@ahn7022,유아인 보이자마자 영화관에서 그냥 나옴 .. 왜 우리나라는 범죄자들이 더 잘사냐,2025-06-06T01:08:19Z,2,0.0,,False
@오이지-k5f,가장무서운건 적어도 한주내에 산업재해가 두번이나 발생한 건설현장임.,2025-06-07T10:27:57Z,1,0.0,,False
@ciperbill7749,처음엔 지루한데 박진영 나오고 부터 재밌어요.,2025-05-31T15:22:46Z,0,0.0,,False
@안녕-h5x5b,이거 영화로 봤는데 진짜로 재밌음 ㅋㅋㅋㅋ 여기선 안 나왔는데 블루투스맨도 있음,2025-05-31T11:22:15Z,0,0.0,,False
@문형모-n2r,유아인 캐릭터가 참 매력적이긴함 <br>충분히 자숙하고 복귀 할때가 오지 않을까 ..,2025-05-30T11:06:42Z,0,0.0,,False
@dongjunseo9785,"<a href=""https://www.youtube.com/watch?v=oYCMSk3U6C4&amp;t=258"">4:18</a> 과연 간과한게 악인뿐만일까",2025-06-05T16:46:21Z,0,0.0,,False
@juhunchae7138,신 가입하신분은 진짜 재벌이신가 ㄷㄷ,2025-06-01T09:08:36Z,1,0.0,,False
@teammilan7779,호인 사람한텐 쿵푸허슬같은 영화 불호인 사람한테 염력 정도의 영화,2025-05-30T22:16:13Z,1,0.0,,False
@배움닷컴,B급 갬성너무좋아 환타지코믹다들어가는데 액션까지 ㅋ😂,2025-05-31T07:51:55Z,1,0.0,,False
@찬중박-n9p,"와,이거 핸섬 가이즈 이후로 1년만에 최고의 코메디로 보이는데..평점도 높고.. 짐캐리와 핸섬을 능가할 수 있을까,? 핸섬은 막판에 청중들 웃음터짐..",2025-06-01T05:25:20Z,1,0.0,,False
@김반찬-s1r,넘버3 이후로 가장 유쾌하게 봤던영화 ㅋㅋㅋㅋㅋ,2026-03-23T10:30:44Z,0,0.0,,False
@lgchk6192,꼭 극장에서 보세요. 핵존잼,2025-06-04T04:18:56Z,2,0.0,,False
@LeadingWorshiper,저는 좋게 봤는데 동일한 댓글이 많아서<br>오랫만에 기쁘다 😊,2025-06-12T14:59:18Z,2,0.0,,False
@MSS.83,태권소녀가 사바하의 금화였구나...<br>이렇게 분위기가 확 바뀌다니,2025-05-31T00:55:54Z,0,0.0,,False
@수호이-p2s,이거보면 영화한편 다봄  이이상없음,2025-06-06T04:47:54Z,1,0.0,,False
@김무홍-r7u,완전 재밌음. 요구르트 카트 레이스가 존잼이었는데 빠졌네 ㅎㅎ,2025-06-03T06:51:47Z,1,0.0,,False
@ypjang,왠지 각막은 투시술 같어. 그렇다면 정말 부러운 Girl???,2025-06-17T10:28:38Z,1,0.0,,False
@mikashin5940,아 진짜 근데 기대없이 봤는데 너무 재밌어요 유아인 등장씬 너무❤❤❤,2025-06-04T11:23:00Z,1,0.0,,False
@boa_11-k7r,아..완전 내스탈인디ㅋㅋㅋㅋ 근데 유아인이 나오구나 허허,2025-06-05T04:41:51Z,2,0.0,,False
@surlasan,다보고나니 최초의 초능력자가 누구인지 신구가 박진영 되고 지옥같은데 악마랑 손잡으려고했던장면이 좀 의문으로 남습니다 ㅎㅎ,2025-05-30T10:09:46Z,0,0.0,,False
@그냥아빠-c2n,"이 소개영상은 정말 재미있게 봤는데, 이 영상을 보고 영화를 보니 좀 지루하네요. 이 영상에 안나온 소소하게 웃기는 장면들도 있지만 제일 웃기는 장면들이 소개 영상에 다 담긴 듯... 지난 영하도 아니고 개봉 중인 영화의 가장 재미있는 장면들을 이렇게 자세히 보여줘도 되는건가요?",2025-06-17T14:52:56Z,2,0.0,,False
@키미노나메아와,이 영화의 최대 스포 유아인 나옴 -ㅅ-;;,2025-06-08T06:12:48Z,2,0.0,,False
@불타는강아지,아니 근디 영화보고 와서보니 중요한 부분은 다 나오는데ㅎㅎㅎ 아쉬운 부분도 있지만 뇌빼고 오락영화로는 갠춘했슴다,2025-06-01T21:41:56Z,1,0.0,,False
@아써니-b3c,췌장도 왜 힘이쎈건데ㅋㅋ<br>초능력 설정 개웃기네 ㅋㅋ,2025-10-25T08:07:36Z,0,0.0,,False
@마석도-y3m,하이파이브랑 미션임파서블이랑 둘중에 고민하다가 미션봤었는데..미션도 엄청 잼있게봤었지만 하이파이브도 엄청 잼나보이긴 하네요..보러가야되나ㅎㅎ,2025-06-15T05:17:48Z,1,0.0,,False
@퐁퐁-d4k,주성치 영화 너무 좋아하는데!!! 이거쓴 내 심장을 띄게 하는 영화!,2025-06-01T03:48:31Z,1,0.0,,False
@lemontree3355,미지는 여기서도 달리네~~ 수호랑 또 만나고🤭,2025-06-01T14:26:27Z,1,0.0,,False
@skfkekkdskfkd8748,당장 보러가세요. 강.추 재밌어요.,2025-05-31T14:24:32Z,1,0.0,,False
@유니콘뉴이스트,좀전에보고왔는데진짜웃겨요ㅋㅋㅋ애들도볼수있어서좋을것같아요ㅋㅋㅋ,2025-05-31T14:36:54Z,1,0.0,,False
@bina-dh7vl,"<a href=""https://www.youtube.com/watch?v=oYCMSk3U6C4&amp;t=336"">5:36</a> ㅋㅋㅋㅋㅋㅋㅋㅋ",2025-06-27T16:32:20Z,0,0.0,,False
@마닝TV,"느리게봐도 <a href=""https://www.youtube.com/watch?v=oYCMSk3U6C4&amp;t=23"">0:23</a> 빠름ㅋ",2025-06-07T04:30:30Z,2,0.0,,False
@justinekim5478,본작도 미치게 웃긴데 리뷰를 보며 실웃 터진건 처음임ㅋㅋㅋㅋㅋ 대사 하나하나 설정 하나하나가 진심 웃기노. 초식 밝히는게 매너랰ㅋㅋㅋ 테드창은 이제 장르다 장르. 마동석은 이미 뛰어넘은 테드창 유니버스!,2025-05-31T11:00:19Z,0,0.0,,False
@개거지들,확실히 마약청정이란 말이 참 옛말이 다 됐어,2025-09-06T07:45:33Z,0,0.0,,False
@나익희-s9h,유아인 나오는 줄 알았으면 안봤을텐데… 예고편에도 안나오고 영화가좋다에도 안나왔고… 앞으로 출연진 보고 영화보러 가야게따,2025-06-04T20:28:11Z,1,0.0,,False
@권차장ai,예고편다보여줘서 영화관갈맘이 없어짐,2025-06-30T15:29:28Z,1,0.0,,False
@윤덕수-n7h,안재홍은 용기와 힘을주네 연기 항상<br>감독님도 영화  잘 만듬 <br>다들 연기잘하고 재밌어요,2025-06-15T10:14:28Z,0,0.0,,False
@닭가슴살-w6q,김희원을 연결책으로 무빙과 하이파이브  히어로물 콜라보<br>개재밋겠네요😄,2025-06-02T07:52:39Z,0,0.0,,False
@가라사제,아니 웃음소리 효과음 ㅈㄴ웃김ㅋㅋㄱㅋㄱㅋㄱㅋㄱㅋㄱㅋㄱㅋ,2025-08-11T06:12:19Z,0,0.0,,False
@구리구리-y7m,이거 소재가 웹툰 갓핑크랑 너무 비슷한데요,2025-06-12T13:08:16Z,1,0.0,,False
@young-k1z4e,여자 주인공님이 밤이 되었습니다의 윤서역할이라는 걸 처음 알았습니다 배우들은 진짜 대단한 것 같아요!,2025-10-02T03:05:37Z,0,0.0,,False
@Dobvra_Game,진짜 영화관가서 봤는데 지무비님이 요약해준거 다시보니까 더재밌네ㅋㅋㅋㅋ,2025-06-05T08:39:12Z,1,0.0,,False
@김민재-n5x,ㅇ ㅏ 진지빠는영화만 보다가 이런 b감성 좋아좋아,2025-06-02T09:21:54Z,1,0.0,,False
@얼음절벽,이재인 왜 저리 귀엽니ㅋㅋㅋ,2025-07-11T17:02:45Z,0,0.0,,False
@Youtube_사용자-d3z,처음부터 중필이 개귀엽네ㅋㅋ,2025-05-30T23:46:41Z,0,0.0,,False
@user-qf2fx6bi2r,마지막에 니들이 게맛을 알아 할까봐 조마조마 했다😂😂,2025-06-13T03:21:41Z,0,0.0,,False
@ENFP._.,옷 안찢어지는게 ㄹㅇ 신소재네,2025-05-31T04:30:56Z,0,0.0,,False
@뚜뚜-h9r,다들 유명해서 연기너무 좋았지만 태권소녀 표정이랑 자연스러움이 진짜 크게될거같아요❤,2025-06-08T13:55:09Z,0,0.0,,False
@yjs5132,꼭 영화관에서 보세요 액션 생각보다 너무좋았음,2025-06-08T23:45:00Z,1,0.0,,False
@막내-e2s,지금 보고 왔어요. 개봉 영화 찾아 보고 있는 사람인데요. 극장에 사람 많은거 처음이네요.,2025-05-31T09:41:09Z,0,0.0,,False
@littleboy5093,신구형님이 악역으로 나오는건 또 첨이네,2025-06-04T11:33:39Z,0,0.0,,False
@Gunnandglo,진영보러간다 멜번에서 ❤,2025-06-06T13:44:28Z,2,0.0,,False
@Timebomb.-.,이런 영화를 어떻게 봐야 재밌다는거?...,2025-10-09T13:44:05Z,1,0.0,,False
@Santamons21,오정세 딸로 나오는 분이 김향기님인줄 알았는데 이재인님이시더라고요? 두분이 비슷해.. ㅋㅋ,2026-01-20T06:13:19Z,0,0.0,,False
@bariyoon,유쾌 상쾌 통쾌했던 올 상반기 최고 코믹액숀영화👍🏻,2025-05-30T14:05:52Z,0,0.0,,False
@연가시-k8z,이거 보고 영화관에서 보면 돈아까워짐<br>90프로  액셰신이 지뮤비에서 다보여줌 ㅋㅋ,2025-05-31T00:05:35Z,1,0.0,,False
@UNIDONI,"<a href=""https://www.youtube.com/watch?v=oYCMSk3U6C4&amp;t=754"">12:34</a> 는 사탄과 셀장면인데?",2025-06-02T02:41:39Z,0,0.0,,False
@peterpankkh8729,품행제로 이후 첨으로 만족함 ㅋㅋㅋㅋ 🤣🤣🤣 너무 좋아,2025-07-13T22:24:41Z,0,0.0,,False
@addictedtosalary,사바하 보면서 이재인에게서 눈을 뗄 수가 없더군요. <br>외모가 탁월합니다. 그냥 예쁜 게 아니고 개성이 가득합니다.<br>앞으로 최고의 배우가 될 거라고 생각합니다.,2025-06-07T16:56:43Z,0,0.0,,False
@황_인찬,와 유아인 진짜 깜쪽같이 편집 잘했네요 ㅋㅋㅋ,2025-06-18T08:54:21Z,0,0.0,,False
@김고양2,보다가 갑자기 릭롤나와서 진짜 영화관에서 개뿜음ㅋㅋㅋㅋㅋ,2025-06-24T09:36:41Z,0,0.0,,False
@크앙-b8t,돈을 얼마나 받았으면 이런 리뷰를 할 수 있는걸까....,2025-05-31T16:26:17Z,1,0.0,,False
@baebaechulsu,킹스맨+품행제로+아라한+극한직업+경이로운소문  재밌었어용,2025-06-24T19:40:03Z,0,0.0,,False
@규파오,이 영화에서 제일 쎈건 요구루트 아줌마가 제일 쎔 능력을 뺏기도 하고 능력을 주기도 하고,2025-05-31T12:18:10Z,0,0.0,,False
@은하-n6y,"<a href=""https://www.youtube.com/watch?v=oYCMSk3U6C4&amp;t=117"">1:57</a> 정답!! 괴짜가족!!<br>그런데 각막이라면.. 아마 염동력이 아닐까요???",2025-06-05T08:19:19Z,0,0.0,,False
@별바라기-r8s,무심히 피식거리며 봤다가 라미란 배우님 때문에 빵터져서 영화 끝까지 너무 재밌게 봤네요 .<br>하루 스트레스가 날라갔네요.,2025-06-12T16:15:57Z,0,0.0,,False
@정대박왕대박7,영화관서 봐야 액션의 웅장한 그래픽 사운드 느껴야 꿀잼,2025-05-30T23:34:21Z,0,0.0,,False
@황우만리,예고편만 봐도 최고인 걸 알겠습니다.,2025-05-31T08:21:09Z,0,0.0,,False
@Poor_Jimmy9514,장기 아낌없이 주는 초능력자 ㄷㄷ,2025-06-06T18:33:33Z,0,0.0,,False
@머범-f2c,뭐가 사이비냐<br>병자들의 소원을 해결해줬는데,2025-06-07T08:50:49Z,1,0.0,,False
@턱쎈멸치,진짜 재밌게 봤음 계속해서 극장 사람들이랑 같이 웃으며 봤음,2025-05-31T12:11:11Z,0,0.0,,False
@설탕이즈녹은,개인적으로 이 영화 너무 신선하고 좋았음. 소재가 지금껏 내가 못 봣던 장기이식+초능력 이런거여서… 스토리 전개도 신선하고 재밋엇고 CG는 호불호 갈릴거라고 생각함 일단 난 저정도 CG면 그래도 ㄱㅊ지 않나? 생각햇음… 다만 아쉬운 게 등장인물들의 과거를 되게 똥싸다 만 느낌으로 풀어줘서… 쫌 아쉬웟음…🥲,2025-07-29T04:36:23Z,0,0.0,,False
@asap_4823,이재인 배우! 디오 뮤직비디오 썸바디에서 엄청 각인되게 봤는데 ㅎㅎㅎ 색다르고 좋네요 ㅎ,2025-06-01T12:55:51Z,1,0.0,,False
@koreansMANsei,이 영화 헐리웃 리메이크 버젼이 있다면 보고 싶어질 정도.이 영화 분명 외국인들한테도 통한다,2025-06-04T20:46:21Z,0,0.0,,False
@chungjucho3938,미지의 서울 미지 호수 커플이네 ㅎㅎ,2025-06-17T14:34:47Z,2,0.0,,False
@빌세따-m2x,흔들리는 한국영화에서 주성치의 샴푸 향이 느껴진거야~,2025-05-30T10:35:20Z,0,0.0,,False
@꼬미님,"초,중 딸들이랑 방금 보고왔어요<br>너무 재미있네요. 한국의 어벤져스예요<br>무빙이랑 비슷하지만 완전 달라요",2025-05-30T11:05:40Z,0,0.0,,False
@가희나,진짜..레알기대없이 봤다가 생각보다 너무재밌어서ㅠ 주변사람들한테 홍보중 ㅋㄱ또볼거임ㅠ진짜 존잼..<br>유아인씨는진짜 연기로는 욕못하겠다 <br>유아인씨덕분에 영화가 확 분위기가바뀜  ㅇㅅㅇ 또보고싶다,2025-06-16T13:37:25Z,0,0.0,,False
@오드세븐,진영이 진짜 신구선생님 빙의하듯 연기했네 ㅋㅋㅋㅋㅋ 진짜 대단한 배우다 배우♡,2025-05-30T14:31:42Z,0,0.0,,False
@ttalgiga-f6r,미지의 세계에 나오는 호수가 악당으로 나오네? ㅎㅎ,2025-06-10T07:34:10Z,1,0.0,,False
@거루거루,와 우리나라 영상기술이 드디어 2004년 쿵푸허슬을 따라 잡았구나,2025-05-31T11:54:09Z,0,0.0,,False
@jinddonggaejjanggu,B급 영화라고 무시했는데 상당히 짜임과 소재가 좋고 사회전반을 통찰 하게 되는 내용의 좋은 영화였습니다...,2025-06-21T01:28:23Z,1,0.0,,False
@soony-a1a,어제 영화받는데 진짜 재미있게봄 🍿🤩,2025-06-04T03:56:17Z,2,0.0,,False
@JasonLee-sm5se,오늘 보고 왔는데 졸라웃김,2025-05-31T18:27:02Z,1,0.0,,False
@모찌오빠-r6l,직관하고 왔는데 2나오길 간절히 바랍니다 진짜 진짜 진짜 재밌어요😊,2025-06-05T06:24:33Z,0,0.0,,False
@김선현-e2t,아니 ㅋㅋㅋㅋㅋ 리코더 진짜 웃기네요 ㅋㅋㅋㅋㅋㅋㅋㅋㅋㅋ,2025-06-11T07:10:23Z,0,0.0,,False
@dgshuajsifjfj,ㅋㅋㅋㅋㅋㅋㅋ뭔가 익숙한 느낌이라 생각했는데 25년 한국판 쿵푸허슬이구나,2025-05-30T17:33:26Z,0,0.0,,False
@김은주-v8z,아니 근데 진짜 존잼이예요!!! 오늘 보러갔는데 영화내내 웃고 나왔습니다 ㅋㅋㅋㅋ 예상치 못한 전개랄까? ㅋㅋㅋ,2025-06-06T12:35:40Z,0,0.0,,False
@YsPark9737,아..... 쿵푸허슬 보는거같다,2025-07-10T03:07:28Z,1,0.0,,False
@뵤-n6n,이재인 배우님 사바하에서 보고 팬됐는데 ..❤,2025-06-06T16:52:40Z,0,0.0,,False
@tgkim982,"합성 티만 덜 났어도,,,",2025-05-31T01:19:11Z,2,0.0,,False
@user-kx9go8ig8i,솔직히 20년 전인가 류승범 안성기 주연의 아라한장풍 대작전을 보는 듯 했음 그건 수련을 통해   엄청난 힘을 얻게 된 생활 속 초인들 얘기지만 그리고 25년 전 장혁 김수로 주연의  화산고도 생각났음 내 나이 탄로나겠다ㅋㅋ,2025-06-10T13:21:39Z,0,0.0,,False
@처니-y4j,마녀를 보는듯한 느낌. 거기에 코믹.즐감했습니다,2025-05-30T22:52:33Z,0,0.0,,False
@Meecn,지무비님 덕분에 오랜만에 영화관 왔습니다.<br>두근두근. 재밌게 보고 올게요!,2025-06-03T10:26:02Z,0,0.0,,False
@깨꿍맘-r2h,췌장이 이렇게 중요한 장기였군요ㅋㅋ 췌장과 심장의 싸움이라니 넘나 재미나요,2025-06-20T22:08:23Z,0,0.0,,False
@banchan_store,품행제로+아라한장풍대작전+화산고 느낌?,2025-05-31T05:56:59Z,0,0.0,,False
@오멘맥스,방금 보고왔는데 오랜만에 제대로된 코믹영화 본 느낌임 아주 좋았음,2025-06-15T04:31:12Z,0,0.0,,False
@임성봉-l2g,이 영상 보고 바로 영화관 예약하고 갔다가 방금왔는데..... 이거 보고 가지마세요 영화한편 다본거라고 생각하시면됩니다...<br>그냥 진짜 재미있는거는 이영상 나오는거 뺴고는 별로 더 안나오고 유아인이랑 라미란 초능력 내용 빼고는 그냥 여기에 다축소<br>해놓은거임...진짜 잘만든고 재미있는영화인데 이영상보고 간거 너무 후회합니다 그냥 갔으면 진짜 100점짜리 영화인데<br>본거 또 보고온 기분임 돈아깝고 시간 아까움 지무비님 아무리 그래도 20분의1도 안나왔다고 거짓말은 하지마세요  사기입니다,2025-06-02T17:24:39Z,9,0.0,,False
@Carry_Darius,오랜만에 생각없이 볼 만한 영화가 나온거같네요 ㅋㅋ<br>주말에 보러가봐야겠다,2025-05-30T17:52:26Z,0,0.0,,False
@jinian74,킬링 타임을 목적으로 보기에 딱 좋은 영화네요,2025-06-01T12:32:20Z,0,0.0,,False
@alllife2927,주성치의 팬인분이 감독을 했을 때 이런 작품이 나오지 않을까하는!<br>올만에 이 감성 좋네요,2025-05-31T13:06:46Z,0,0.0,,False
@보라색커피,이시국에는 잔인하고 골아픈영화보다  통쾌한 액션 코믹한게 최고지 범죄도시처럼~ 이거도 보고싶다,2025-05-31T09:22:15Z,0,0.0,,False
@꼬미님,시즌2. 언제나오나요? 올해 겨울엔 개봉하겠죠~?  액션이 빵빵 터지니 너무 통쾌해요,2025-05-30T11:06:50Z,0,0.0,,False
@Notafraid723,탱크처럼 보이는 탱크걸은 자녀가 있으세요? ㅋㅋㅋㅋ,2025-05-30T10:44:15Z,0,0.0,,False
@reonkal5501,맞지 맞지 원래 필살기 쓰기전에 초식 밝히는게 오랜 강호의 매너긴하지 음음,2025-06-10T09:26:20Z,0,0.0,,False
@구독홀릭,유아인이 가벼운 연기 엄청 좋다. 구멍없는 연기자들.<br>취향만 맞으면 완전 잼남. 이거 보지마시고 보믄 더 잼있어요. ㅎㅎ,2025-06-04T07:25:11Z,0,0.0,,False
@Yoonseo_lee,이거 보고왔는데 유쾌해요 간만에 잼나게 잘봤어요 난 악당이 좋았다.. ㅋㅋ,2025-06-14T13:13:23Z,1,0.0,,False
@일단짤짤만남김,무빙촬영이 진짜 극한직업이었는데 하필 저리 합쳐지나,2025-06-22T06:58:23Z,0,0.0,,False
@mdrz500,방금 보고 왔는데 진짜 너무 재밌어요!!!!😂,2025-06-02T16:20:45Z,1,0.0,,False
@무의공순신매국노척결,신구는 기득권의 능력을 가졌네 힘없는자의 모든것을 뺏어가는 기득권의능력 현실 최강의 능력이지,2026-03-18T09:24:47Z,0,0.0,,False
@yuminlee122,어제 보고 왔어요 진짜 재미있어요 ㅎㅎ<br>걍 스트레스 풀려요^^,2025-05-30T23:13:14Z,0,0.0,,False
@숲속의_담,태권 너무 귀여워 ㅠㅠ,2025-06-02T13:28:15Z,1,0.0,,False
@승현이의음악모찌,너무 재밋음 영화관에서 보면 더 잼나요😂❤🤣,2025-06-02T03:18:48Z,1,0.0,,False
@윤혜정-d3x,이 영화 진짜 재밌어요!! 오늘 보고 옴,2025-05-31T13:59:57Z,1,0.0,,False
@user-nd5lb6gd2u,와 유아인 기가막히게 편집했네,2025-07-20T17:07:47Z,1,0.0,,False
@choifalulu,어쩐지 케이팝 데몬 헌터스랑 비슷했네요ㅋㅋㅋ,2025-08-24T13:26:59Z,0,0.0,,False
@김홍섭-i7j,이거.....아빠가 너무 감동임,2026-03-29T06:17:30Z,0,0.0,,False
@kimnahyoung0118,오늘 봤는데...  진짜 웃김!!!!!!!!!ㅋㅋㅋ,2025-06-02T12:32:47Z,2,0.0,,False
@qki9332,샌드백에 모래 들어있으면 샌드백 치는사람 손발 관절 골로가는데 <br>샌드백 터졌다고 모래 흘러나오는것 보소 ㅋㅋㅋㅋㅋㅋ<br>샌드백 속에는 고무 머리띠 같은거 잔뜩 들어있음,2025-06-29T16:07:58Z,0,0.0,,False
@alsomyself853,헛웃음이 나오는 영화..,2025-06-15T15:30:07Z,1,0.0,,False
@킴-w8y,와!!! 이것만 봐도 재미있네요 영화 대박나서 여기나온 배우들 진짜  잘됐으면 좋겠어요!!<br>하이파이브 대박나라♡♡♡♡♡♡♡♡♡♡,2025-05-31T06:18:20Z,0,0.0,,False
@gyrdser,내가 정말 좋아했던 유아인형 마지막 작품일 것 같아서 오늘 보고왔음ㅋㅋㅋㅋ 재밌더라,2025-06-12T12:44:28Z,0,0.0,,False
@mobom-2,어제 영화표가 생겨서 개봉했길래 그냥 보자~ 하고 봤는데 별 생각없이 재미있고 호탕하게 봤어요 ❤,2025-05-31T11:18:09Z,0,0.0,,False
@annahoh2948,개연성은 없음 근데 생각없이 보기는 좋음… 영화 내용은 이 영상에 있는게 다임… 재밌음,2025-06-06T03:35:45Z,0,0.0,,False
@fkaus4456,순간 경이로운 소문이 생각났다ㅋㅋㅋㅋ,2025-06-15T17:31:28Z,0,0.0,,False
@말랑강희,큰 기대 없이 봤는데 계속 흥미진진하고 웃으면서 봤음 ㅋㅋㅋ 강추!,2025-06-05T05:20:16Z,0,0.0,,False
@kleisoo,I think park jinyoung will receive an award for his character here 😍😍😍👏👏,2025-06-16T02:41:05Z,1,0.0,,False
@남윤영주,ㅋㅋㅋ ㅋㅋㅋ 나인걸 탱크보이 너무 귀요미들,2025-06-24T17:33:55Z,0,0.0,,False
@parkjjoung1594,앧션이 정말 후련한 영화~~ <br>신명이랑 이거 잼남,2025-06-13T11:15:56Z,1,0.0,,False
@Wayne_OoO,ㅋㅋㅋ완서 연기하신분 매력개쩔었어요,2025-06-06T01:26:30Z,0,0.0,,False
@minostylish,댓글들 보니 ott로 봐도 충분할 듯..,2025-05-31T12:46:27Z,1,0.0,,False
@나만즐거우면뒈,아 역시 오정세... 와 내가두번이나 웃다니.. 내가웃으면 재밌는거임 오정세최공&gt;.&lt;,2025-05-31T06:39:34Z,0,0.0,,False
@gggeeoo1,이재인 왤케 귀엽냐ㅋㅋ,2025-06-12T21:19:16Z,0,0.0,,False
@병신-t9x,댓글알바들 ㄹㅈㄷ 궁금하면 영화관가서 보셈,2025-06-15T15:24:02Z,1,0.0,,False
@srchoi5622,걍 오래만에 웃고 싶음 추천!!! 내용의 개연성은 부족하지만 간만에 잼있게 봄!!!<br>박진영 연기가 좋네요~~,2025-06-01T07:35:08Z,0,0.0,,False
@드라큘라찐심인사람,오늘 보고 왔는데 넘 재밌었음..,2025-05-30T08:40:25Z,1,0.0,,False
@thk4877,월하천추 대신에 필살기 쓸데 아이싯떼루 하지 ㅋㅋ 더 웃길 듯,2025-07-25T08:53:43Z,0,0.0,,False
@이준호-w9y,재밌다.<br>60세 아재 혼자 보러가도 되쥬 ?,2025-06-01T00:51:26Z,0,0.0,,False
@해로롱-e9g,내 생일때 딱 코미디영화가 나오넼ㅋㅋㅋ,2025-05-31T02:02:57Z,0,0.0,,False
@inssu-h3f,오늘 보고 왔는데 깜놀! 너~~~무 잼나게 봤네요. 무빙느낌 나는거 좋았고 브금도 옛날스런 곡에 B급감성.간만에 좋은영화 나왔네요. 갠적으로 톰형님꺼보다 잼나게 봤습니다,2025-06-06T17:17:39Z,0,0.0,,False
@슬픈디줴,이번 주 일요일에 보러 갑니다~~,2025-05-30T15:30:14Z,0,0.0,,False
@jaypark1724,주성치영화팬들은.무조건본다 .ㅎㅎ,2025-05-31T05:02:46Z,0,0.0,,False
@에스프레소-r1w,오랜만에 아무 생각 없이 신나게 볼 수 있는 영화일 듯🎉🎉🎉🎉🎉,2025-05-30T16:13:28Z,0,0.0,,False
@주찌-e2s,필살기 부분에서 터졌네,2025-06-06T01:02:47Z,0,0.0,,False
@gshiop4646,옛날 류승범 나오던 아라한 장풍대작전 보는 기분이네,2025-05-30T15:30:43Z,0,0.0,,False
@국악사랑,방금 보고 왔습니다 너무 재미있어요♡♡,2025-06-03T07:11:32Z,0,0.0,,False
@user-vs6le4xo9p,여기서 다 보여줘서 볼 필요는 없겠네,2025-06-09T01:41:57Z,0,0.0,,False
@MsTuring,τω(발을 돌려차는 힘에 회전속도의 곱)=fv(힘에 차이는 속력을 곱한값)=mav(차이는물체의 무게에 가속도와 초기속력을곱한값)이다<br>외우세요.,2026-02-08T21:28:06Z,0,0.0,,False
@sean7076,이재인 배우님 너무 이뻐요 ㅜㅜ,2025-06-22T12:28:47Z,0,0.0,,False
@아미사랑토끼,저 오늘 하이파이브 봤는데 넘 재밌고 웃겼습니다!!😂😂😂😂,2025-05-30T08:57:21Z,0,0.0,,False
@7H인용,이거 ㅈㄴ 재밋음..,2025-05-31T13:08:04Z,2,0.0,,False
@김해김씨찬승이,영화관가서 보세요 꼭ㅠㅠ!!! 오늘 보고왔는데 큰 화면으로 봐야할 액션입니다!,2025-06-06T13:14:45Z,0,0.0,,False
@tappjbw,주성치가 이 영화에 따봉을 눌렸습니다~,2025-06-03T14:37:30Z,0,0.0,,False
@Dunbib,이분 목소리 리바이같름…❤,2025-05-31T12:30:23Z,0,0.0,,False
@study._.1253,오늘 이거 학교에서 보러 갔었는데 ㄹㅇ로 존잼임 ㅋㅋㅌ,2025-06-10T12:09:37Z,0,0.0,,False
@토끼꾹-c7w,크크큭 넘 재있게 봤어요 좋아하는 배우들 총출동~~,2025-06-03T09:03:10Z,0,0.0,,False
@심선식-d4l,개봉날 봤는데. 이영화보고 유아인이 용서가 됐다...,2025-06-05T11:56:08Z,1,0.0,,False
@hello_travel,아라한 장풍대작전 생각나는게 기대되네요,2025-06-02T06:05:18Z,0,0.0,,False
@업살,저정도 능력있으면 나 같아도 신으로 모실거야,2025-06-08T12:33:33Z,0,0.0,,False
@수학아여름해,너어어어어어어무 재미있었오요 😄 스토리 뭐임? 연기력 뭐임? <br>하이파이브 2 도 내놓아라 내놓아라,2025-06-11T16:15:27Z,0,0.0,,False
@김대석-e2i,올해는  이  작품 칸에 보내자,2025-06-01T10:08:30Z,0,0.0,,False
@슈퍼맨-l7o,이런영화 엄청좋아합니다 😅 쿵후허슬 다음으로 재밌는 영화나왔네. 꼭 보겠습니다 😊,2025-05-31T00:32:21Z,0,0.0,,False
@진쿠키-j2r,나 이런스타일 너무 좋아. 꼭 봐야지.<br>개 설레네.,2025-06-02T06:54:05Z,0,0.0,,False
@토끼-v4z,어제 봤는데 재밌어요  유아인도 나오는데 재밌어요 연기 잘하더라구요,2025-06-03T01:17:30Z,2,0.0,,False
@힐랑일랑,케리아 급 서폿 시전 😅ㅋㅋㅋ,2026-04-20T09:12:04Z,0,0.0,,False
@김광채-n6e,2025년도에 우뢰매 본 느낌.,2025-06-07T13:35:28Z,2,1.0,,False
@neoedward2767,저랑 같은 생각이네요…<br>영화보는내내 문제가 너무 많아서  참… 어디서부터 이야기 해야할지 감도 안 잡히더라구요,2025-06-07T18:55:45Z,0,,Ugzzqvtu2_ry97tUEr94AaABAg,True
@박수일-x3v,지무비 통해 내용 알고 봤는데도 재밌게 봤습니다,2025-06-01T12:14:25Z,0,0.0,,False
@dddd-m9n4v,요즘은 리코더도 블루투스가 돼넼ㅋㅋㅋㅋㅋㅋ,2025-07-15T02:20:37Z,0,0.0,,False
@투기세력,그냥 애들보는 비디오수준!!,2025-06-06T13:03:47Z,1,0.0,,False
@소아-f2o,와 리코더 진심 자렷다 ㅋㅋㅋ,2025-05-30T11:36:39Z,0,0.0,,False
@jjang-shpark9069,쮀장이 짱인듯,2025-05-31T00:45:05Z,1,0.0,,False
@candylynneth,It is weird why skip philippines to release in theatres..... Where we are the biggest population in kdrama viewers... So sad,2025-06-17T21:59:54Z,1,0.0,,False
@마티의감성공방withAI,이건 영화관애서 꼭 보세요~~진짜 재밌어요 ㅋㅋㅋ,2025-06-15T22:46:21Z,0,0.0,,False
@심석연,보고 왔는데 넘 잼있었어요 작정하고 만든 영화 <br>배우분들 조합 최고~갠적으로 박진영 배우 넘 좋아요~!,2025-05-31T12:36:45Z,0,0.0,,False
@judas8668,영화 진짜 재밌어요 ㅋㅋㅋㅋ 다시 보고싶어요 ㅠㅠ 시즌 2 나오면 좋겠어요,2025-06-16T10:43:24Z,0,0.0,,False
@동팔-l4c,아라한 장풍대작전 때 느낌 나서 좋다,2025-05-31T07:21:12Z,0,0.0,,False
@Moon_rim_00,기증자 .. 2탄나오는거 맞죠🥺,2025-05-31T14:14:30Z,0,0.0,,False
@dontstopmenow8316,이제 신구 선생님이 최고령 배우이신가. 많이도 떠나셨네,2026-01-09T09:16:50Z,0,0.0,,False
@tv-sb4hf,무슨 생각하고 한국에서 만든 영화야ㅋㅋㅋㅋㅋㅋㅋㅋㅋㅋㅋㅋㅋㅋㅋ,2025-06-14T01:51:28Z,1,0.0,,False
@user-chiyeul,"정봉아, 엄마한테 그러는 거 아니야 ㅋㅋㅋㅋㅋ",2025-06-03T01:49:43Z,0,0.0,,False
@R378-c,오늘 개봉하자마자 봤는데 완전 잼있음. 연기구멍 하나도 없고 스토리도 잼있고… 무조건 보세요😊,2025-05-30T12:53:14Z,0,0.0,,False
@syg7906,유아인 연기잘한다 팬도 아닌데 괜히 반갑더라.,2025-06-03T07:06:15Z,0,0.0,,False
@꼬미님,프로포폴???로 마녀사냥 당한 유아인씨 오랫만에 멋지게 나오니 반갑네요<br><br>진짜 마약인 필로폰 히로뽕은 안했다고 결론 났죠~~~,2025-05-30T11:09:05Z,1,0.0,,False
@eunjinham6253,개봉하자마자 재미있게 봤어요. ^^,2025-06-06T06:23:00Z,0,0.0,,False
@조영훈-c3z,요즘 영화 잼있는거 막 나오네,2025-06-03T06:36:47Z,0,0.0,,False
@qkffl2002,연기 잘하는 배우들의 b급 감성영화<br>난 왜 이렇게 화산고가 생각나지?<br>어릴 때 딱 내 입맛에 맞는 영화라 몇번을 봤는데 ㅋㅋㅋ,2025-06-05T12:43:16Z,0,0.0,,False
@윤석열-f9g,무빙. 아이언맨보다 더 재밋네요..,2025-05-31T14:01:18Z,1,0.0,,False
@s.c.busman,우리 소미 수술끝나고 능력이생겼넴,2025-06-03T10:37:23Z,0,0.0,,False
@lsm1004a,그런데 여기는 유아인 등장영상 전부 짤렸네요. ㅋㅋㅋ 유아인 비중도 크고 신기한 능력도 가지고 있는데. ㅋㅋㅋ,2025-06-04T22:53:07Z,2,0.0,,False
@bluegirl920,오랜만에 한국영화♡ 아이랑 같이 재밌게 봤어요~ 믿고보는 배우들이라 최고였음!!,2025-06-07T09:27:33Z,0,0.0,,False
@30초-yell,"진영이가,,,,,이역을 하다뉘,,,😂",2026-01-09T09:13:52Z,0,0.0,,False
@Dddd_sz,오늘 영화관 가서 보고옴 유아인 나오는 줄은 몰랐는데; 영화도 그렇고 나쁘지않앗음🙃🙂🙃 안니 근데 빌런이 잘생겨서 그런지 그렇게 싫어지지않아;;,2025-06-05T13:41:27Z,1,0.0,,False
@ararinatne01,이거 시리즈 계속 나올듯~<br>무빙  극장판 보는 느낌,2025-06-04T10:28:27Z,1,0.0,,False
@avbbgsdafasdfwer123,리코더 겁나 웃기네ㅋㅋㅋㅋ,2025-06-10T08:05:52Z,0,0.0,,False
@김혁이올시다,이재인 너무 귀여워 ㅠㅠㅜ,2025-06-05T09:21:14Z,0,0.0,,False
@잘몰라-0,한국영화는 이제 이런 장르로 가야 할 듯합니다 재밌게  보고 왔습니다.,2025-06-06T17:20:09Z,0,0.0,,False
@나비흰-q9b,25년 아라한장풍대작전이네...ㅋㅋㅋ,2025-06-09T05:41:13Z,0,0.0,,False
@o.o2322,오랜만에 영화관 가야겠다ㅋㅋㅋㅋㅋ,2025-06-03T03:22:12Z,0,0.0,,False
@진우박-m6m,유아인은 일부러 뺏네,2025-05-31T10:47:46Z,2,0.0,,False
@매일만나1208,오늘 봤음. 진짜 우리나라 영화 잘 만듬.,2025-06-06T15:27:33Z,0,0.0,,False
@sebi-may,아 진짜 최근본영화중에 원탑 ❤,2025-12-18T18:01:39Z,0,0.0,,False
@이승재-b5p,내일 보러간닷,2025-05-31T15:30:16Z,0,0.0,,False
@You-f4t,미지의 서울 보고 왔는데 😊,2025-06-01T15:08:30Z,1,0.0,,False
@임동언-d1m,상영본장면 받는데 즐거웠어용,2025-05-30T14:33:48Z,0,0.0,,False
@alantam5420,보고왔는데 재미 좋다 ❤,2025-06-01T12:56:03Z,1,0.0,,False
@톨톨x,재밌겠다 보고싶다..애기만없으면ㅠ,2025-05-31T12:15:44Z,1,0.0,,False
@JSK7,무빙과 가장 큰 차이점은 특수효과라는 것이 너무 보인다는 것,2025-06-02T12:38:43Z,0,0.0,,False
@신호용-o8k,지무비님 영상 항상 잘보고 있습니다<br>제가 지무비님이 설명해주시는 영상을 보고 친구들과 함께 하이파이브 영화를 보러갔습니다 앞으로도 재미있는 영상 많이 만들어주세요 앞으로도 화이팅,2025-06-08T12:44:22Z,0,0.0,,False
@YJJ-d7b,너무 대놓고 cg쓰는게 개웃김ㅋㅋㅋㅋㅋㅋ,2025-06-01T10:50:44Z,0,0.0,,False
@이재호-s8p,오늘 보았는데 <br>넘재미있고 재미있어요,2025-06-02T07:26:04Z,0,0.0,,False
@실버123,경이로운소문 느낌 살짝난다,2025-07-25T09:15:23Z,0,0.0,,False
@lllklkkkk,예고편을 너무 잘못만든게 신구=진영이 악당인거 스포해버림. 같은편인척 예고 내고 정체 비밀로했어야지,2025-06-06T13:29:27Z,2,0.0,,False
@엉클조-b7p,Septo‑optic dysplasia (중격시신경형성이상) — 뇌의 중격(midline) 구조 이상 + 시신경 이상 + 뇌하수체 기능 저하 등이 혼합된 드문 선천성 질환 <br>이건 교정해 주세여~~,2025-09-28T11:07:59Z,0,0.0,,False
@pskang4381,라미란 아무래도 능력 증폭인듯,2025-05-31T15:40:59Z,0,0.0,,False
@leokr6909,이 배우들 어떻게 다 모았지,2026-02-08T13:14:15Z,0,0.0,,False
@toto-uy5nh,"조회수 똑상<br>대박나세요<br><br><br><br><br>최원휘= 김정희<br>김은정= 최주리<br>명기천 =서영심",2026-02-28T08:05:50Z,0,0.0,,False
@Trinywen-rd4zt,"Kelihatan katok belakang <a href=""https://www.youtube.com/watch?v=oYCMSk3U6C4&amp;t=231"">3:51</a>",2025-06-13T17:26:54Z,1,0.0,,False
@je2216,난 와우 할때 힐러 해서 그런가 ㅋㅋ <br>힐러하고싶다 ㅋㅋ,2026-02-16T14:38:00Z,0,0.0,,False
@user-hsg,너무 기대는 마시고 가볍게 보시러 가세요 ~<br>그냥 킬링타임으로 가볍게 보기 좋습니다.,2025-06-06T08:12:57Z,0,0.0,,False
@김윤영-m6q,나인걸ㅋㅋㅋ후레시걸읍ㄱㅂㅋㅋ탱크걸ㅋㅋㅋ,2025-05-31T10:13:07Z,0,0.0,,False
@soy7863,정봉이 엄마 만났네😂 그냥 있어도 웃겨😂😂😂,2025-06-10T15:20:44Z,0,0.0,,False
@LIV06-p4i,개웃기네 ㅋㅋㅋㅋㅋ대놓고 비급이니깐 자연스럽네,2025-06-06T14:40:50Z,0,0.0,,False
@느림의_미학,소주전쟁 다른분꺼 보는데 5분만에 껏는데 이건 재밌네 소주전쟁은 내용이 지루한데 이건 잼잇는듯,2025-06-10T21:52:00Z,0,0.0,,False
@jjin2705,영화 내내 코믹 코드만 넣으려고 하니 막상 다보고나면 웃기지도 안웃기지도 않은 영화,2026-03-30T14:35:58Z,0,0.0,,False
@알씨390,이거 그냥 아라한 장풍 대작전 최신판임,2025-06-06T16:28:51Z,0,0.0,,False
@kkang1996,오늘 극장에서 보고왔는데 나름 좋았음!,2025-06-17T12:29:19Z,0,0.0,,False
@천화-q2n,오~  개봉했네 보러 가야지ㅋㅋ,2025-06-02T21:59:41Z,0,0.0,,False
@pearllovely6422,아놔 디즈니인줄 알고 가입했는데..영화개봉작이라니<br>헐~~~~,2025-06-06T13:57:56Z,0,0.0,,False
@Off-n1x,호수랑 미지랑 여기서 또 싸우니????,2025-06-03T01:43:10Z,1,0.0,,False
@user-yl1lo7xm2w,유아인 등장씬 간지 오짐 그냥 몸에서 간지가 흐름. 약만 안 했어도..<br>박진영은 드라마 볼 땐 별생각 없었는데 스크린에서 보니까 존잘이더라 생각보다 연기 잘해서 놀랐음<br>영화는 그냥 기대 안 하고 보면 재밌음 오히려 이 영상 안 보고 보러가는 게 나을 듯<br>개연성이나 완성도는 좀 떨어지는데 액션이랑 중간중간 개그요소가 볼만했음 무엇보다 음악 선정이 미쳤음<br>한마디로 킬링타임용,2025-06-14T20:52:00Z,0,0.0,,False
@조대환-k3f,미지 호수 아니냥?,2025-06-12T07:37:56Z,2,0.0,,False
@김효선-j9c,잼나게 보구갑니다^^,2025-06-01T10:10:38Z,0,0.0,,False
@Been-iw5xk,굳이 유아인을 써야 했나 싶지만 유아인이 너무 찰떡인 케릭터였음…<br>유아인 캐가 ㄹㅇ 찐인데 홍보를 못하니 너무 슬프다.. 눈이식이 진짜 찐임….<br>제발 한번만 봐주세요 ㅠㅠ 하이파이브 후회 안할정도로 진짜 재밌습니다 세상사람들!!!!!,2025-06-15T06:53:11Z,0,0.0,,False
@jungholee3936,이거이거 비급 감성 ㅋㅋㅋ 잼있으요 ㅋㅋ,2025-06-04T12:47:27Z,1,0.0,,False
@user-peppermnt,진짜 너무 재미씀여~,2025-06-10T16:07:40Z,0,0.0,,False
@sungoh78,한국판 쿵푸허슬이 드뎌 나왔군 ㅋㅋ,2025-05-30T16:51:06Z,0,0.0,,False
@명건-n2y,네번 봤음 처음임 네번본 영화 황해 범죄와의.전쟁이후,2025-08-30T13:27:52Z,1,0.0,,False
@Joo-ry1gt,이거 예고편만 봤었을 때는 뭐 이런 이상한걸 내놨나 했는데 좀 길게 보니 생각보다 잘만든것 같네?,2025-05-31T11:22:18Z,0,0.0,,False
@마티의감성공방withAI,아참 유아인은 정말 연기도 지리지만 역시 멋있었어요. 계속 그의 연기를 보고싶습니다. 하이파이브 최고~~!!!,2025-06-15T22:49:10Z,0,0.0,,False
@lIIlllIlIIlIll,후기: 킬링타임용으로 딱임. 용두사미.,2025-06-15T19:13:04Z,0,0.0,,False
@kingston3786,아라한장풍대작전+족구왕 느낌 인디? ㅋ<br>류승범이 동료로 나왔어도 재밌었을듯.<br>아니면 아라한때 그 캐릭터로 까메오로 ㅋ,2025-07-16T12:08:25Z,0,0.0,,False
@아저씨-y7n,마치 쿵푸허슬 보는줄 아랐음 재밋음!,2025-05-31T13:24:01Z,0,0.0,,False
@namokkim8600,기대 1도안했는데 생각보다 재미있었음 ㅎ,2025-06-05T17:28:30Z,1,0.0,,False
@장기동치우미,어느 사이트에서 후기로 난잡한 씬 얘기를 했는데 공감 씨게 됨.<br>대체 왜 이러나 싶을 정도로 경우가 없이 씬이 훅훅 넘어가서 짜증만 남😢<br>결국 편집(감독)능력 문제,2025-09-19T16:42:56Z,0,0.0,,False
@오다길,난 왜 라방 알람이 안떳던건가... 😅,2025-06-02T22:42:05Z,0,0.0,,False
@hwarang12,치유 해주고 물약먹어서 본인 치유^^,2026-02-28T07:53:26Z,0,0.0,,False
@종일쪽발박종이,"슈퍼맨의 장기를 이식 받았나?<br>진격의 거인처럼<br>능력을 나눠 가진다? ㅋㅋㅋ",2025-10-26T10:03:12Z,0,0.0,,False
@짱or11,"신나는 영화는 극장에서 보시길 강추합니다 🎉 재미있어서 한번도 지루함을 느끼지 않았으며,졸지도 않고 잘 봤습니다 😊 지방 극장은 서울극장과 달리 먹거리가  부실한ㅡ 아쉬움이 😢",2025-05-30T22:29:13Z,0,0.0,,False
@Uber_discovery,주성치의 오브제와 오마주가 보인다 ㅎㅎ,2025-05-31T08:34:26Z,0,0.0,,False
@cokggir1,리바운드 감독이다ㅏ,2025-05-30T13:31:55Z,0,0.0,,False
@최영규-s3l,끝날때까지 지루하지않게<br>본 첫영화  50후반임,2025-07-20T10:40:53Z,1,0.0,,False
@AiVogue,2025년도에 보는 20년전 아라한 장풍대작전 조악한 콤퓨타 그라픽.,2025-07-15T19:33:33Z,0,0.0,,False
@dkssudsksmssksmsahfdk,재밌더라 어제 봤는데 ㅋㅋㅋ,2025-06-02T05:06:16Z,2,0.0,,False
@dduddduuu,영화관에서 보고 왔는데 생각보다 넘 재밌었음 ㅋㅋㅋㅋㅋㅋㅋ,2025-06-06T06:13:47Z,0,0.0,,False
@BJ-Dusk,ㅋㅋㅋㅋㅋㅋㅋㅋㅋㅋㅋㅋㅋㅋㅋㅋㅋ 이거 진짜 재미있었어요 ㅎㅎㅎ 완전웃김!,2025-06-06T06:58:32Z,0,0.0,,False
@한입만-r8x,신구는 젊음을 뺏는 능력인데.<br>왜  여자 주인공 이랑  능력치가 같냐?  빠르고 힘도 세고. ㅋㅋ,2025-06-01T01:45:14Z,1,0.0,,False
@mydream_mate,오늘 조조로 봤는데 너무 잼났어요!!🎉,2025-06-06T05:05:02Z,0,0.0,,False
@현세-t3p,강추!!! 재밌어요 영화관 가서 볼만함,2025-06-07T08:11:12Z,0,0.0,,False
@IIIIIIIIIIIiiiiiiiiiiIIIII-m9k,심장 없이도 그 능력을 다 갖고 있는 것 같은데... 젊어지는 능력을 가지면 저렇게 힘도 세지는 거였나?,2026-01-01T09:22:22Z,0,0.0,,False
@고래-z4r,막 엄청 웃기진 않고 소소한정도 킬링타임용 정가로는 추천안하고 할인으로 보는거 추천,2025-06-11T13:56:36Z,0,0.0,,False
@청-f2o,애니 액션을 현실영화로 연출했네....,2025-06-07T08:42:41Z,0,0.0,,False
@고정원-f1e,개 웃길것 같네요. 무조건 봅니다.,2025-06-01T02:29:12Z,0,0.0,,False
@래곤월드,달리기가 퀵실버 뺨치네,2025-07-05T14:04:34Z,0,0.0,,False
@지나가는사람00,영화 잼있음 정말 잼있음. 주성치의 쿵푸허슬 생각남. 딱 그정도로 웃기고 딱 그정도로 통쾌함.,2025-06-04T13:40:45Z,0,0.0,,False
@마사에_봉미선,쿵푸 허슬이 아니라 쿵푸팬더잖아ㅋㅋㅋㅋㅋㅋㅋ,2025-06-02T07:16:06Z,0,0.0,,False
@이우아-k6j,ㅋㅋ 이거 잼나게봄 ㅋㅋㅋ. 이거 2탄도 나올듯 싶음. ㅋ,2025-07-15T03:39:28Z,0,0.0,,False
@공쥬-a2d,안재홍 라미란.... 믿고봐야지,2025-06-01T00:43:35Z,0,0.0,,False
@뽀비니야,진짜 재밌어요 또 보고싶다 🥹,2025-06-05T14:14:08Z,0,0.0,,False
@kaka-b5u,박진영💚,2025-06-02T05:24:49Z,2,0.0,,False
@TV-ur2et,😂뭐야  우리강호강 <br>같은능력이네 괴력과 단단한몸 <br>회복력은없지만 왼만 뚜들겨서는  ……,2025-06-08T15:52:43Z,0,0.0,,False
@TV-ur2et,상막이면 투시능력이나 <br>타이머능력 아닐까요,2025-06-08T16:06:15Z,0,0.0,,False
@JungYoungbeag,한국판 소림축구?? 생각했다!,2025-07-04T12:39:31Z,0,0.0,,False
@dosiss2875,각막 이식자가 최강 아닐까요?,2025-05-30T22:38:25Z,0,0.0,,False
@TV-yu7hr,이재인 졸귀탱,2025-06-07T04:54:16Z,0,0.0,,False
@IT-ey2su,액션이 드래곤볼 실사판 같네요.,2025-07-19T11:36:16Z,0,0.0,,False
@haruMaltipoo,방금봤는데 액션개쩔고 잼씀,2025-06-05T03:42:39Z,1,0.0,,False
@핸들-y4g,월하천추ㅋㅋㅋㅋㅋㅋㅋ<br>티비에서 쿵푸허슬 하면 맨날보는데 그ㅇ느낌이네ㅋㅋ봐야겠다 이건,2025-05-31T22:22:37Z,0,0.0,,False
@Bum2c,어제 보고왔는데~ 괜찮아요~,2025-06-01T05:48:15Z,0,0.0,,False
@송팀장-u8m,유아인은 통편집 시켜버렸네 ㅎ<br>유아인 사고치기전에 만든영화인가,2025-06-02T03:43:59Z,1,0.0,,False
@seoulstreet9679,내용과 코믹이 제 취향저격이고<br>캬~~ 음악들 또한 제 취향이라<br>계속 흥얼거리면서 다녀요<br>Naver gonna give you up~~,2025-06-04T13:44:03Z,0,0.0,,False
@통뼈감자탕,췌장이 머 저리 슈퍼맨처럼 되지 -ㅅ-??,2025-05-30T18:42:45Z,0,0.0,,False
@sd68127,"그냥 소림축구, 쿵푸허슬 보듯 보면되는 영화ㅋㅋㅋㅋㅋㅋ",2025-06-06T09:28:43Z,0,0.0,,False
@Vincent-q6z3u,주성치가 수십년전에 만들었던 영화를...,2025-06-02T09:55:56Z,0,0.0,,False
@byoungyunko,류승범 품행제로<br>생각날까요,2025-06-07T13:15:26Z,0,0.0,,False
@dongjokim6361,딸역할너무귀엽당❤,2025-10-07T08:53:40Z,0,0.0,,False
@박동하5808,프래쉬걸 능력이 머에요,2026-01-21T20:40:14Z,0,0.0,,False
@socks-80s,여기에 응답하라1988에<br> 나오는분이 3명임.라미란.정봉이.<br>도룡용,2025-06-14T08:55:14Z,0,0.0,,False
@byung-hanjung2416,피리 불 때 입냄새 걱정 되는건 나 뿐이냐?,2025-06-04T07:45:55Z,0,0.0,,False
@pulsoongyi,소림축구보는 느낌이다 ㄷㄷ,2025-05-31T00:26:03Z,0,0.0,,False
@Jinny.jinn003,We are here for you Jinyoung. You did that very well.💚🍑😘👍🏻,2025-06-18T09:19:56Z,1,0.0,,False
@임효범-n8q,이영상 보신분은 영화관가서 볼필요없음요ㅋ<br>이게다임ㅋㅋ<br>진짜이게다임ㅋㅋ 돈아끼세요ㅋㅋ,2025-06-05T02:28:57Z,2,1.0,,False
@Blue_shorts7,이댓글을 보고 갓엇어야햇다… 하 ㅠ,2025-06-05T15:09:34Z,0,,UgxQA8cbCi1K-tiFkC14AaABAg,True
@미라클-w4p,진심 주성치가 생각나는군,2025-06-01T22:32:41Z,0,0.0,,False
@Omichef-p5s,조금만 늦게 보세요..리뷰가 어느 정도 쌓이고 나면 리뷰를 보고 관람을 정하셔도 좋을 거 같아요..,2025-05-31T13:55:42Z,0,0.0,,False
@엥깔마녀,마지막이 너무 아쉽...,2025-07-23T10:50:45Z,0,0.0,,False
@팔랑팔랑-m8l,소림축구생각나네 ㅋㅋㅋㅋㅋ,2025-05-30T11:04:28Z,0,0.0,,False
@블루베리-d2v,k-쿵푸허슬이 딱 맞네요. ㅎㅎ,2025-06-15T06:58:48Z,0,0.0,,False
@siseume,왠지 각막은 치명상 입힐수있는 약점보는거같음,2025-06-06T05:43:50Z,0,1.0,,False
@추천핸들,전혀 다른 능력입니다. 이미 유아인 영화에 나왔어요.,2025-06-08T09:43:17Z,0,,UgwuAuedab-P4Ce7bOx4AaABAg,True
@AAA-vp6eu,사탕쟁이 오늘 봤네ㅋㅋ,2025-07-11T08:03:31Z,1,0.0,,False
@일상식,유튜브로 다 봐서 안봐도 되겠다. 보나마나 신장이식받은 사람이 신구 능력 여과해서 정화시키고 빌런이 안돼~~~ 하면서 끝나겠지,2025-06-05T17:18:08Z,1,0.0,,False
@예쓰리-d4h,아라한 장풍 외전같은 느낌인가...,2025-05-31T11:20:45Z,0,0.0,,False
@이준호-i7k3t,웹툰 중에 핑크맨이 떠오르는데..?,2025-06-01T08:08:09Z,0,0.0,,False
@최병철-y8w,재인이  너무귀엽게성장,2025-06-15T23:36:51Z,0,0.0,,False
@れい-b-d,저 이거 끝까지 봤는데 갸 재밌 ㅋㅋㅋ <br>찐 추천 해요,2025-06-03T03:46:06Z,0,0.0,,False
@제바-f9u,짭구 ㅋㅋ  노력  많이하셧네 ㅋㅋㅋ,2025-06-03T06:11:31Z,0,0.0,,False
@임홍홍,방금 봤는데 B급 감성 ㅈㄴ 웃김 ㅋㅋ,2025-05-31T09:29:37Z,1,0.0,,False
@맥쿼리인프라몰빵,개봉 첫날 보고옴 이거 볼 생각이면 쿵후허슬을 한번 더 보슈 😅 진심이요 😊,2025-06-01T12:52:40Z,2,0.0,,False
@-mcr-kickthedoor9820,정봉이 모자가 같이 초능력을 받았네,2025-05-30T17:23:36Z,1,0.0,,False
@dlstoddmsghswk,유아인님은 왜 안나오는 거죠..,2025-06-13T10:20:41Z,2,0.0,,False
@AILIEN-wz3co,보다보니 기동이가 보이지 않네요ㅋㅋㅋ,2025-06-01T14:45:53Z,0,0.0,,False
@9번출구,나만당할순없지,2025-06-18T10:25:22Z,1,0.0,,False
@lololololol6296,리코더 돌앜ㅅ나 ㅋㅋㅋㅋㅋㅋㅋㅋㅋㅋㅋ,2025-05-31T01:07:34Z,0,0.0,,False
@junyshin5843,주성치영화 좋아하는데 잼있겠다...ㅋㅋㅋ,2025-05-31T13:24:53Z,0,0.0,,False
@RavenWisteria,Kinda weird seeing Jinyoung with Jae-In LOL Jae-In is playing the young version of Park Bo Young in Our Unwritten Seoul while Jinyoung is Bo Young&#39;s Male lead LMAO this is so twisted,2025-06-10T08:34:36Z,1,1.0,,False
@nad0862,I was wondering if it was the same girl lol cause I&#39;m currently watching Unwritten Seoul can&#39;t wait for the new eps on Netflix. We&#39;re blessed with Jinyoung&#39;s content since he left the military I&#39;m also watching The witch 🎉,2025-06-11T00:27:08Z,1,,UgyCPX1m486z1lVDlzN4AaABAg,True
@뚝딱이-h4l,히든 배우가 나옵니다 👍,2025-07-21T09:15:05Z,0,0.0,,False
@ddbddapz1st5pctynfgngmbw76,She looks like the actress who played young Mi-ji / Mi-rae?,2025-06-04T11:46:56Z,0,0.0,,False
@Park-z4r,유아인은 다 짤르셨네,2025-06-04T11:45:38Z,1,0.0,,False
@임대표TV,영화 개웃기네ㅜㅋㅋㅋㅋㅋㅋㅋㅋㅋㅋ ㅋᩚ 미치다진짜,2025-07-11T09:13:10Z,0,0.0,,False
@김준호-j6r,지무비님 지무비님 리뷰스타일 그대로 베끼는 분이계시네요 장면 자막까지 그대로 따왔던데요 괜찮은건지 모르겠네요..,2025-06-14T21:50:20Z,0,0.0,,False
@우락하며우는움,목소리를 예전보다 더 깔으시네…,2025-06-01T10:30:50Z,0,0.0,,False
@SuDongSin,ott나오면 보세요<br>오늘 보고 왔습니다,2025-06-04T15:50:51Z,0,0.0,,False
@jeraldinellanasas6008,"The BEST! reminds me of the old chinese movie, i forgot the title, but this one is better and I wanna seee more of this from korea 🙏🥹🫰 .<br><br>Good Job to all who made this happen 🤗💯",2025-08-09T07:10:46Z,0,0.0,,False
@김도균-y6b,아라한 장풍 대작전 보는 느낌!,2025-05-31T02:14:00Z,0,0.0,,False
@jay-kq5vg,월하천추우우우 ㅋㅋㅋㅋㅋㅋㅋㅋㅋㅋㅋㅋ,2025-06-01T20:51:50Z,0,0.0,,False
@dolfmeistar,당장 보러가야겠음 ㅋㅋㅋㅋ,2025-06-06T15:33:12Z,0,0.0,,False
@회자의정리,인도 영화 본 듯한 느낌.ㅋㅋ,2025-06-01T07:02:26Z,0,0.0,,False
@동태찌개맛있다,실망안합니다.존잼임😂,2025-05-31T18:37:59Z,0,0.0,,False
@y_is1111,소림축구 느낌인데 ㅋㅋㅋㅋ,2025-06-07T03:24:00Z,0,0.0,,False
@김우건-t2e,봉준호 감독 작품인줄 ㄷㄷ,2025-06-06T00:37:10Z,0,0.0,,False
@FASHIONMDDESIGNER,넘재났음.. &quot;.&#39; ·. &#39;&#39;😊😊😊😊,2026-03-12T11:50:25Z,1,0.0,,False
@현현경빈,나 여기서 유아인이 제일 재미있었음,2025-05-31T17:05:20Z,0,0.0,,False
@영우신-e6d,미드 히어로즈 생각나네.,2025-06-01T19:07:15Z,0,0.0,,False
@Anti_Paradox,심장보다 췌장이 상급이네...너무하네.,2025-05-30T17:45:38Z,0,0.0,,False
@seungohson7927,지리는 영화가 왔구먼......,2025-05-31T00:02:44Z,0,0.0,,False
@The_Reader99,리코더 개뿜었네 ㅋㅋㅋㅋ,2025-06-09T04:12:41Z,0,0.0,,False
@소니홀릭,초등5학년 봐도 되나요?,2025-05-31T01:50:35Z,2,0.0,,False
@lareine_skin_joeun,이거 재밋어요!ㅋㅋㅋㅋㅋ강추,2025-06-29T05:46:45Z,0,0.0,,False
@킴데쉬다트,와 재밌겠다,2025-06-02T02:41:42Z,2,0.0,,False
@starlight_v3,구독 했어요❤❤ 개꿀잼🐕🐕🍯🍯,2025-07-02T11:19:39Z,0,0.0,,False
@라떼는_8573,재밌겠다.보러가야겠다,2025-05-30T08:55:43Z,0,0.0,,False
@안녕-h5x5b,블루투스맨도 있음,2025-05-31T11:23:37Z,0,0.0,,False
@임홍홍,개꿀잼 ㅋㅋ,2025-06-01T18:56:22Z,2,0.0,,False
@고윤정-c8g,ㅋㅋㅋ재밌겟다,2025-05-31T03:56:03Z,1,0.0,,False
@사랑인생행복인생,대박입니다~,2025-06-07T12:17:40Z,0,0.0,,False
@처음처럼6025,이건 봐야겠네,2025-06-02T05:35:07Z,0,0.0,,False
@ZINIR,재밌게 잘봤음,2025-06-04T15:34:15Z,0,0.0,,False
@우니조아짜자잔,너무 잼있게 봤음,2025-06-12T12:29:52Z,0,0.0,,False
@리마루치,보러가야지 ㅋ,2025-05-31T02:15:01Z,0,0.0,,False
@SON-vl5vu,이거다 무조건 본다 ㅋㅋㅋ,2025-05-31T05:16:58Z,0,0.0,,False
@시나몬-p9e,재밌을꺼같아영,2025-06-02T22:44:56Z,0,0.0,,False
@janelee2357,이 영화가 극장에서 방영한다구?,2025-06-19T05:42:47Z,0,0.0,,False
@NXX-AK47,왜 기동이 안 나와유~~~~,2025-06-14T11:34:23Z,0,0.0,,False
@princh2173,유아인..?,2025-06-03T19:38:59Z,1,0.0,,False
@baekunni,와....진짜 재밌겠다😂😂😂😂,2025-06-03T14:15:44Z,1,0.0,,False
